date,partner,Total Exports,Total Imports,trade_balance
2020-01-01,Australia,553671.0,0.0,553671.0
2020-01-01,Canada,435432.0,0.0,435432.0
2020-01-01,China,9642031.0,9428226.0,213805.0
2020-01-01,France,0.0,539168.0,-539168.0
2020-01-01,Germany,728795.0,0.0,728795.0
2020-01-01,India,0.0,566832.0,-566832.0
2020-01-01,Indonesia,588782.0,682743.0,-93961.0
2020-01-01,Italy,0.0,557214.0,-557214.0
2020-01-01,Malaysia,0.0,969919.0,-969919.0
2020-01-01,Philippines,715652.0,0.0,715652.0
2020-01-01,Russia,523531.0,0.0,523531.0
2020-01-01,Singapore,0.0,884791.0,-884791.0
2020-01-01,Thailand,605976.0,430110.0,175866.0
2020-01-01,United Arab Emirates,0.0,889129.0,-889129.0
2020-01-01,United States,5740347.0,5577076.0,163271.0
2020-01-01,World,43103061.0,0.0,43103061.0
2020-02-01,Australia,459049.0,0.0,459049.0
2020-02-01,Canada,383705.0,0.0,383705.0
2020-02-01,China,8824933.0,5553041.0,3271892.0
2020-02-01,France,0.0,421047.0,-421047.0
2020-02-01,Germany,592074.0,0.0,592074.0
2020-02-01,India,0.0,515487.0,-515487.0
2020-02-01,Indonesia,601157.0,679343.0,-78186.0
2020-02-01,Italy,0.0,499636.0,-499636.0
2020-02-01,Malaysia,0.0,841727.0,-841727.0
2020-02-01,Philippines,639404.0,0.0,639404.0
2020-02-01,Russia,540899.0,0.0,540899.0
2020-02-01,Singapore,0.0,567146.0,-567146.0
2020-02-01,Thailand,646412.0,445459.0,200953.0
2020-02-01,United Arab Emirates,0.0,968636.0,-968636.0
2020-02-01,United States,5931572.0,5435012.0,496560.0
2020-02-01,World,40911819.0,0.0,40911819.0
2020-03-01,Australia,572797.0,0.0,572797.0
2020-03-01,Canada,527050.0,0.0,527050.0
2020-03-01,China,10643503.0,8955781.0,1687722.0
2020-03-01,France,0.0,499318.0,-499318.0
2020-03-01,Germany,891397.0,0.0,891397.0
2020-03-01,India,0.0,499807.0,-499807.0
2020-03-01,Indonesia,588487.0,755776.0,-167289.0
2020-03-01,Italy,0.0,535659.0,-535659.0
2020-03-01,Malaysia,0.0,767340.0,-767340.0
2020-03-01,Philippines,576914.0,0.0,576914.0
2020-03-01,Russia,580221.0,0.0,580221.0
2020-03-01,Singapore,0.0,637272.0,-637272.0
2020-03-01,Thailand,596527.0,460703.0,135824.0
2020-03-01,United Arab Emirates,0.0,561024.0,-561024.0
2020-03-01,United States,7281215.0,5371871.0,1909344.0
2020-03-01,World,46167204.0,0.0,46167204.0
2020-04-01,Australia,386091.0,0.0,386091.0
2020-04-01,Canada,293791.0,0.0,293791.0
2020-04-01,China,10151495.0,9626467.0,525028.0
2020-04-01,France,0.0,436601.0,-436601.0
2020-04-01,Germany,785610.0,0.0,785610.0
2020-04-01,India,0.0,439572.0,-439572.0
2020-04-01,Indonesia,446237.0,644139.0,-197902.0
2020-04-01,Italy,0.0,399772.0,-399772.0
2020-04-01,Malaysia,0.0,577542.0,-577542.0
2020-04-01,Philippines,585310.0,0.0,585310.0
2020-04-01,Russia,426823.0,0.0,426823.0
2020-04-01,Singapore,0.0,637987.0,-637987.0
2020-04-01,Thailand,514879.0,420978.0,93901.0
2020-04-01,United Arab Emirates,0.0,335382.0,-335382.0
2020-04-01,United States,5277226.0,5041816.0,235410.0
2020-04-01,World,36270183.0,0.0,36270183.0
2020-05-01,Australia,268931.0,0.0,268931.0
2020-05-01,Canada,206939.0,0.0,206939.0
2020-05-01,China,10743735.0,8993976.0,1749759.0
2020-05-01,France,0.0,394930.0,-394930.0
2020-05-01,Germany,729780.0,0.0,729780.0
2020-05-01,India,0.0,259905.0,-259905.0
2020-05-01,Indonesia,332020.0,553943.0,-221923.0
2020-05-01,Italy,0.0,405422.0,-405422.0
2020-05-01,Malaysia,0.0,591759.0,-591759.0
2020-05-01,Philippines,518615.0,0.0,518615.0
2020-05-01,Russia,366598.0,0.0,366598.0
2020-05-01,Singapore,0.0,568827.0,-568827.0
2020-05-01,Thailand,357444.0,392692.0,-35248.0
2020-05-01,United Arab Emirates,0.0,178576.0,-178576.0
2020-05-01,United States,4589358.0,4292824.0,296534.0
2020-05-01,World,34854511.0,0.0,34854511.0
2020-06-01,Australia,415240.0,0.0,415240.0
2020-06-01,Canada,375585.0,0.0,375585.0
2020-06-01,China,11443240.0,8925691.0,2517549.0
2020-06-01,France,0.0,456541.0,-456541.0
2020-06-01,Germany,652475.0,0.0,652475.0
2020-06-01,India,0.0,308683.0,-308683.0
2020-06-01,Indonesia,401298.0,588365.0,-187067.0
2020-06-01,Italy,0.0,562287.0,-562287.0
2020-06-01,Malaysia,0.0,649030.0,-649030.0
2020-06-01,Philippines,560728.0,0.0,560728.0
2020-06-01,Russia,420056.0,0.0,420056.0
2020-06-01,Singapore,0.0,737909.0,-737909.0
2020-06-01,Thailand,457251.0,436197.0,21054.0
2020-06-01,United Arab Emirates,0.0,295949.0,-295949.0
2020-06-01,United States,5735515.0,4597451.0,1138064.0
2020-06-01,World,39214071.0,0.0,39214071.0
2020-07-01,Australia,558758.0,0.0,558758.0
2020-07-01,Canada,587550.0,0.0,587550.0
2020-07-01,China,11726183.0,9184553.0,2541630.0
2020-07-01,France,0.0,618355.0,-618355.0
2020-07-01,Germany,819472.0,0.0,819472.0
2020-07-01,India,0.0,343832.0,-343832.0
2020-07-01,Indonesia,446564.0,711514.0,-264950.0
2020-07-01,Italy,0.0,664023.0,-664023.0
2020-07-01,Malaysia,0.0,691648.0,-691648.0
2020-07-01,Philippines,593035.0,0.0,593035.0
2020-07-01,Russia,599202.0,0.0,599202.0
2020-07-01,Singapore,0.0,871067.0,-871067.0
2020-07-01,Thailand,534346.0,436803.0,97543.0
2020-07-01,United Arab Emirates,0.0,565797.0,-565797.0
2020-07-01,United States,6596979.0,4445079.0,2151900.0
2020-07-01,World,42785144.0,0.0,42785144.0
2020-08-01,Australia,562582.0,0.0,562582.0
2020-08-01,Canada,446191.0,0.0,446191.0
2020-08-01,China,10937538.0,8259963.0,2677575.0
2020-08-01,France,0.0,491888.0,-491888.0
2020-08-01,Germany,637646.0,0.0,637646.0
2020-08-01,India,0.0,370371.0,-370371.0
2020-08-01,Indonesia,415223.0,478444.0,-63221.0
2020-08-01,Italy,0.0,586830.0,-586830.0
2020-08-01,Malaysia,0.0,711193.0,-711193.0
2020-08-01,Philippines,566775.0,0.0,566775.0
2020-08-01,Russia,505635.0,0.0,505635.0
2020-08-01,Singapore,0.0,669747.0,-669747.0
2020-08-01,Thailand,541161.0,391215.0,149946.0
2020-08-01,United Arab Emirates,0.0,407824.0,-407824.0
2020-08-01,United States,5581925.0,4614340.0,967585.0
2020-08-01,World,39469231.0,0.0,39469231.0
2020-09-01,Australia,623736.0,0.0,623736.0
2020-09-01,Canada,541874.0,0.0,541874.0
2020-09-01,China,12185274.0,9166601.0,3018673.0
2020-09-01,France,0.0,482618.0,-482618.0
2020-09-01,Germany,855044.0,0.0,855044.0
2020-09-01,India,0.0,414205.0,-414205.0
2020-09-01,Indonesia,533789.0,601019.0,-67230.0
2020-09-01,Italy,0.0,611237.0,-611237.0
2020-09-01,Malaysia,0.0,739780.0,-739780.0
2020-09-01,Philippines,670009.0,0.0,670009.0
2020-09-01,Russia,691551.0,0.0,691551.0
2020-09-01,Singapore,0.0,689290.0,-689290.0
2020-09-01,Thailand,602661.0,418809.0,183852.0
2020-09-01,United Arab Emirates,0.0,448875.0,-448875.0
2020-09-01,United States,6997554.0,4654363.0,2343191.0
2020-09-01,World,47819948.0,0.0,47819948.0
2020-10-01,Australia,592940.0,0.0,592940.0
2020-10-01,Canada,644142.0,0.0,644142.0
2020-10-01,China,11527356.0,9622284.0,1905072.0
2020-10-01,France,0.0,507014.0,-507014.0
2020-10-01,Germany,783262.0,0.0,783262.0
2020-10-01,India,0.0,393034.0,-393034.0
2020-10-01,Indonesia,487889.0,596970.0,-109081.0
2020-10-01,Italy,0.0,559478.0,-559478.0
2020-10-01,Malaysia,0.0,702518.0,-702518.0
2020-10-01,Philippines,573001.0,0.0,573001.0
2020-10-01,Russia,789161.0,0.0,789161.0
2020-10-01,Singapore,0.0,674736.0,-674736.0
2020-10-01,Thailand,617775.0,445658.0,172117.0
2020-10-01,United Arab Emirates,0.0,304404.0,-304404.0
2020-10-01,United States,6562209.0,4363458.0,2198751.0
2020-10-01,World,44818534.0,0.0,44818534.0
2020-11-01,Australia,584047.0,0.0,584047.0
2020-11-01,Canada,523281.0,0.0,523281.0
2020-11-01,China,12029854.0,10286167.0,1743687.0
2020-11-01,France,0.0,497964.0,-497964.0
2020-11-01,Germany,977415.0,0.0,977415.0
2020-11-01,India,0.0,375150.0,-375150.0
2020-11-01,Indonesia,611233.0,627890.0,-16657.0
2020-11-01,Italy,0.0,610203.0,-610203.0
2020-11-01,Malaysia,0.0,708691.0,-708691.0
2020-11-01,Philippines,619125.0,0.0,619125.0
2020-11-01,Russia,699100.0,0.0,699100.0
2020-11-01,Singapore,0.0,729465.0,-729465.0
2020-11-01,Thailand,700983.0,436479.0,264504.0
2020-11-01,United Arab Emirates,0.0,267529.0,-267529.0
2020-11-01,United States,6664272.0,4188104.0,2476168.0
2020-11-01,World,45751883.0,0.0,45751883.0
2020-12-01,Australia,610686.0,0.0,610686.0
2020-12-01,Canada,498458.0,0.0,498458.0
2020-12-01,China,12710301.0,10881895.0,1828406.0
2020-12-01,France,0.0,535418.0,-535418.0
2020-12-01,Germany,1123166.0,0.0,1123166.0
2020-12-01,India,0.0,413849.0,-413849.0
2020-12-01,Indonesia,860222.0,674552.0,185670.0
2020-12-01,Italy,0.0,659194.0,-659194.0
2020-12-01,Malaysia,0.0,941417.0,-941417.0
2020-12-01,Philippines,507869.0,0.0,507869.0
2020-12-01,Russia,757190.0,0.0,757190.0
2020-12-01,Singapore,0.0,769755.0,-769755.0
2020-12-01,Thailand,677268.0,481429.0,195839.0
2020-12-01,United Arab Emirates,0.0,469615.0,-469615.0
2020-12-01,United States,7157647.0,4910784.0,2246863.0
2020-12-01,World,51332449.0,0.0,51332449.0
2021-01-01,Australia,621425.0,0.0,621425.0
2021-01-01,Canada,514734.0,0.0,514734.0
2021-01-01,China,11787037.0,10763268.0,1023769.0
2021-01-01,France,0.0,465159.0,-465159.0
2021-01-01,Germany,1045344.0,0.0,1045344.0
2021-01-01,India,0.0,560709.0,-560709.0
2021-01-01,Indonesia,563977.0,724586.0,-160609.0
2021-01-01,Italy,0.0,590851.0,-590851.0
2021-01-01,Malaysia,0.0,715623.0,-715623.0
2021-01-01,Philippines,720600.0,0.0,720600.0
2021-01-01,Russia,666384.0,0.0,666384.0
2021-01-01,Singapore,0.0,1023343.0,-1023343.0
2021-01-01,Thailand,651387.0,455623.0,195764.0
2021-01-01,United Arab Emirates,0.0,453657.0,-453657.0
2021-01-01,United States,8412355.0,5018162.0,3394193.0
2021-01-01,World,48006974.0,0.0,48006974.0
2021-02-01,Australia,625420.0,0.0,625420.0
2021-02-01,Canada,572409.0,0.0,572409.0
2021-02-01,China,11208799.0,9021941.0,2186858.0
2021-02-01,France,0.0,450581.0,-450581.0
2021-02-01,Germany,1031447.0,0.0,1031447.0
2021-02-01,India,0.0,466759.0,-466759.0
2021-02-01,Indonesia,608588.0,746846.0,-138258.0
2021-02-01,Italy,0.0,567376.0,-567376.0
2021-02-01,Malaysia,0.0,784989.0,-784989.0
2021-02-01,Philippines,584816.0,0.0,584816.0
2021-02-01,Russia,665404.0,0.0,665404.0
2021-02-01,Singapore,0.0,762986.0,-762986.0
2021-02-01,Thailand,642186.0,495971.0,146215.0
2021-02-01,United Arab Emirates,0.0,666147.0,-666147.0
2021-02-01,United States,6396235.0,5761028.0,635207.0
2021-02-01,World,44706907.0,0.0,44706907.0
2021-03-01,Australia,725610.0,0.0,725610.0
2021-03-01,Canada,634644.0,0.0,634644.0
2021-03-01,China,13408119.0,10884575.0,2523544.0
2021-03-01,France,0.0,587406.0,-587406.0
2021-03-01,Germany,1165307.0,0.0,1165307.0
2021-03-01,India,0.0,633630.0,-633630.0
2021-03-01,Indonesia,695531.0,764719.0,-69188.0
2021-03-01,Italy,0.0,784347.0,-784347.0
2021-03-01,Malaysia,0.0,837988.0,-837988.0
2021-03-01,Philippines,654350.0,0.0,654350.0
2021-03-01,Russia,793111.0,0.0,793111.0
2021-03-01,Singapore,0.0,1018695.0,-1018695.0
2021-03-01,Thailand,851091.0,601984.0,249107.0
2021-03-01,United Arab Emirates,0.0,635202.0,-635202.0
2021-03-01,United States,7970756.0,6221033.0,1749723.0
2021-03-01,World,53690914.0,0.0,53690914.0
2021-04-01,Australia,767341.0,0.0,767341.0
2021-04-01,Canada,576082.0,0.0,576082.0
2021-04-01,China,13401058.0,11517639.0,1883419.0
2021-04-01,France,0.0,553362.0,-553362.0
2021-04-01,Germany,981881.0,0.0,981881.0
2021-04-01,India,0.0,734173.0,-734173.0
2021-04-01,Indonesia,666339.0,829827.0,-163488.0
2021-04-01,Italy,0.0,682321.0,-682321.0
2021-04-01,Malaysia,0.0,776237.0,-776237.0
2021-04-01,Philippines,617628.0,0.0,617628.0
2021-04-01,Russia,836356.0,0.0,836356.0
2021-04-01,Singapore,0.0,1119938.0,-1119938.0
2021-04-01,Thailand,761700.0,582373.0,179327.0
2021-04-01,United Arab Emirates,0.0,431437.0,-431437.0
2021-04-01,United States,7557229.0,6440357.0,1116872.0
2021-04-01,World,51225991.0,0.0,51225991.0
2021-05-01,Australia,682264.0,0.0,682264.0
2021-05-01,Canada,508387.0,0.0,508387.0
2021-05-01,China,13246809.0,10874644.0,2372165.0
2021-05-01,France,0.0,551812.0,-551812.0
2021-05-01,Germany,949240.0,0.0,949240.0
2021-05-01,India,0.0,583047.0,-583047.0
2021-05-01,Indonesia,687664.0,710015.0,-22351.0
2021-05-01,Italy,0.0,717599.0,-717599.0
2021-05-01,Malaysia,0.0,923161.0,-923161.0
2021-05-01,Philippines,671001.0,0.0,671001.0
2021-05-01,Russia,772787.0,0.0,772787.0
2021-05-01,Singapore,0.0,809805.0,-809805.0
2021-05-01,Thailand,724331.0,598401.0,125930.0
2021-05-01,United Arab Emirates,0.0,647970.0,-647970.0
2021-05-01,United States,7448016.0,6436130.0,1011886.0
2021-05-01,World,50725161.0,0.0,50725161.0
2021-06-01,Australia,847889.0,0.0,847889.0
2021-06-01,Canada,585636.0,0.0,585636.0
2021-06-01,China,13070490.0,11423625.0,1646865.0
2021-06-01,France,0.0,566904.0,-566904.0
2021-06-01,Germany,1019440.0,0.0,1019440.0
2021-06-01,India,0.0,586354.0,-586354.0
2021-06-01,Indonesia,699460.0,750260.0,-50800.0
2021-06-01,Italy,0.0,745647.0,-745647.0
2021-06-01,Malaysia,0.0,902933.0,-902933.0
2021-06-01,Philippines,770671.0,0.0,770671.0
2021-06-01,Russia,961017.0,0.0,961017.0
2021-06-01,Singapore,0.0,982946.0,-982946.0
2021-06-01,Thailand,680938.0,651294.0,29644.0
2021-06-01,United Arab Emirates,0.0,558599.0,-558599.0
2021-06-01,United States,8717226.0,6489351.0,2227875.0
2021-06-01,World,54778905.0,0.0,54778905.0
2021-07-01,Australia,899641.0,0.0,899641.0
2021-07-01,Canada,578480.0,0.0,578480.0
2021-07-01,China,13586374.0,11524030.0,2062344.0
2021-07-01,France,0.0,562885.0,-562885.0
2021-07-01,Germany,771280.0,0.0,771280.0
2021-07-01,India,0.0,711402.0,-711402.0
2021-07-01,Indonesia,691666.0,1076989.0,-385323.0
2021-07-01,Italy,0.0,761560.0,-761560.0
2021-07-01,Malaysia,0.0,890220.0,-890220.0
2021-07-01,Philippines,786896.0,0.0,786896.0
2021-07-01,Russia,806026.0,0.0,806026.0
2021-07-01,Singapore,0.0,831688.0,-831688.0
2021-07-01,Thailand,777135.0,624971.0,152164.0
2021-07-01,United Arab Emirates,0.0,554275.0,-554275.0
2021-07-01,United States,8724016.0,6339477.0,2384539.0
2021-07-01,World,55461518.0,0.0,55461518.0
2021-08-01,Australia,675742.0,0.0,675742.0
2021-08-01,Canada,432765.0,0.0,432765.0
2021-08-01,China,13881328.0,11731429.0,2149899.0
2021-08-01,France,0.0,566477.0,-566477.0
2021-08-01,Germany,786968.0,0.0,786968.0
2021-08-01,India,0.0,737523.0,-737523.0
2021-08-01,Indonesia,642310.0,1028246.0,-385936.0
2021-08-01,Italy,0.0,642550.0,-642550.0
2021-08-01,Malaysia,0.0,710923.0,-710923.0
2021-08-01,Philippines,819657.0,0.0,819657.0
2021-08-01,Russia,674274.0,0.0,674274.0
2021-08-01,Singapore,0.0,745968.0,-745968.0
2021-08-01,Thailand,692951.0,601298.0,91653.0
2021-08-01,United Arab Emirates,0.0,604836.0,-604836.0
2021-08-01,United States,7704224.0,6210232.0,1493992.0
2021-08-01,World,53165104.0,0.0,53165104.0
2021-09-01,Australia,804980.0,0.0,804980.0
2021-09-01,Canada,498027.0,0.0,498027.0
2021-09-01,China,14291980.0,11409467.0,2882513.0
2021-09-01,France,0.0,516521.0,-516521.0
2021-09-01,Germany,830673.0,0.0,830673.0
2021-09-01,India,0.0,765524.0,-765524.0
2021-09-01,Indonesia,666604.0,945702.0,-279098.0
2021-09-01,Italy,0.0,584465.0,-584465.0
2021-09-01,Malaysia,0.0,924906.0,-924906.0
2021-09-01,Philippines,928034.0,0.0,928034.0
2021-09-01,Russia,1083206.0,0.0,1083206.0
2021-09-01,Singapore,0.0,854246.0,-854246.0
2021-09-01,Thailand,643974.0,597923.0,46051.0
2021-09-01,United Arab Emirates,0.0,684946.0,-684946.0
2021-09-01,United States,7983934.0,5959730.0,2024204.0
2021-09-01,World,55913862.0,0.0,55913862.0
2021-10-01,Australia,1021644.0,0.0,1021644.0
2021-10-01,Canada,577150.0,0.0,577150.0
2021-10-01,China,14415867.0,11984639.0,2431228.0
2021-10-01,France,0.0,648747.0,-648747.0
2021-10-01,Germany,792840.0,0.0,792840.0
2021-10-01,India,0.0,741357.0,-741357.0
2021-10-01,Indonesia,741270.0,926588.0,-185318.0
2021-10-01,Italy,0.0,619939.0,-619939.0
2021-10-01,Malaysia,0.0,999565.0,-999565.0
2021-10-01,Philippines,984263.0,0.0,984263.0
2021-10-01,Russia,805868.0,0.0,805868.0
2021-10-01,Singapore,0.0,874566.0,-874566.0
2021-10-01,Thailand,677841.0,580766.0,97075.0
2021-10-01,United Arab Emirates,0.0,655218.0,-655218.0
2021-10-01,United States,8066783.0,5995841.0,2070942.0
2021-10-01,World,55660373.0,0.0,55660373.0
2021-11-01,Australia,947691.0,0.0,947691.0
2021-11-01,Canada,663067.0,0.0,663067.0
2021-11-01,China,15272549.0,13663761.0,1608788.0
2021-11-01,France,0.0,564888.0,-564888.0
2021-11-01,Germany,820883.0,0.0,820883.0
2021-11-01,India,0.0,791821.0,-791821.0
2021-11-01,Indonesia,882934.0,925632.0,-42698.0
2021-11-01,Italy,0.0,684822.0,-684822.0
2021-11-01,Malaysia,0.0,845604.0,-845604.0
2021-11-01,Philippines,959547.0,0.0,959547.0
2021-11-01,Russia,857756.0,0.0,857756.0
2021-11-01,Singapore,0.0,764867.0,-764867.0
2021-11-01,Thailand,706258.0,595871.0,110387.0
2021-11-01,United Arab Emirates,0.0,703249.0,-703249.0
2021-11-01,United States,8133640.0,6640496.0,1493144.0
2021-11-01,World,60330542.0,0.0,60330542.0
2021-12-01,Australia,1130830.0,0.0,1130830.0
2021-12-01,Canada,573075.0,0.0,573075.0
2021-12-01,China,15342563.0,13829109.0,1513454.0
2021-12-01,France,0.0,607264.0,-607264.0
2021-12-01,Germany,914588.0,0.0,914588.0
2021-12-01,India,0.0,743736.0,-743736.0
2021-12-01,Indonesia,1003991.0,1295684.0,-291693.0
2021-12-01,Italy,0.0,624277.0,-624277.0
2021-12-01,Malaysia,0.0,1144029.0,-1144029.0
2021-12-01,Philippines,1161609.0,0.0,1161609.0
2021-12-01,Russia,1057351.0,0.0,1057351.0
2021-12-01,Singapore,0.0,902243.0,-902243.0
2021-12-01,Thailand,714433.0,628271.0,86162.0
2021-12-01,United Arab Emirates,0.0,723200.0,-723200.0
2021-12-01,United States,8787542.0,5701577.0,3085965.0
2021-12-01,World,60734117.0,0.0,60734117.0
2022-01-01,Australia,1061362.0,0.0,1061362.0
2022-01-01,Canada,682875.0,0.0,682875.0
2022-01-01,China,13369829.0,13178864.0,190965.0
2022-01-01,France,0.0,552366.0,-552366.0
2022-01-01,Germany,807233.0,0.0,807233.0
2022-01-01,India,0.0,695030.0,-695030.0
2022-01-01,Indonesia,898239.0,1377844.0,-479605.0
2022-01-01,Italy,0.0,644733.0,-644733.0
2022-01-01,Malaysia,0.0,1563302.0,-1563302.0
2022-01-01,Philippines,979063.0,0.0,979063.0
2022-01-01,Russia,807990.0,0.0,807990.0
2022-01-01,Singapore,0.0,915495.0,-915495.0
2022-01-01,Thailand,770246.0,555686.0,214560.0
2022-01-01,United Arab Emirates,0.0,803309.0,-803309.0
2022-01-01,United States,8569920.0,7105625.0,1464295.0
2022-01-01,World,55455376.0,0.0,55455376.0
2022-02-01,Australia,1090496.0,0.0,1090496.0
2022-02-01,Canada,591993.0,0.0,591993.0
2022-02-01,China,13042436.0,10410116.0,2632320.0
2022-02-01,France,0.0,595409.0,-595409.0
2022-02-01,Germany,743495.0,0.0,743495.0
2022-02-01,India,0.0,732730.0,-732730.0
2022-02-01,Indonesia,748972.0,1058060.0,-309088.0
2022-02-01,Italy,0.0,632366.0,-632366.0
2022-02-01,Malaysia,0.0,1208933.0,-1208933.0
2022-02-01,Philippines,996592.0,0.0,996592.0
2022-02-01,Russia,931565.0,0.0,931565.0
2022-02-01,Singapore,0.0,758087.0,-758087.0
2022-02-01,Thailand,684582.0,671320.0,13262.0
2022-02-01,United Arab Emirates,0.0,497593.0,-497593.0
2022-02-01,United States,7740905.0,5965125.0,1775780.0
2022-02-01,World,54155835.0,0.0,54155835.0
2022-03-01,Australia,1669483.0,0.0,1669483.0
2022-03-01,Canada,759679.0,0.0,759679.0
2022-03-01,China,15642332.0,12626984.0,3015348.0
2022-03-01,France,0.0,662188.0,-662188.0
2022-03-01,Germany,957361.0,0.0,957361.0
2022-03-01,India,0.0,983453.0,-983453.0
2022-03-01,Indonesia,875279.0,1530251.0,-654972.0
2022-03-01,Italy,0.0,730132.0,-730132.0
2022-03-01,Malaysia,0.0,1325683.0,-1325683.0
2022-03-01,Philippines,1160444.0,0.0,1160444.0
2022-03-01,Russia,349729.0,0.0,349729.0
2022-03-01,Singapore,0.0,753832.0,-753832.0
2022-03-01,Thailand,786644.0,761291.0,25353.0
2022-03-01,United Arab Emirates,0.0,807265.0,-807265.0
2022-03-01,United States,9638757.0,6996572.0,2642185.0
2022-03-01,World,63786835.0,0.0,63786835.0
2022-04-01,Australia,1575454.0,0.0,1575454.0
2022-04-01,Canada,734222.0,0.0,734222.0
2022-04-01,China,12949234.0,12332268.0,616966.0
2022-04-01,France,0.0,591813.0,-591813.0
2022-04-01,Germany,897849.0,0.0,897849.0
2022-04-01,India,0.0,891258.0,-891258.0
2022-04-01,Indonesia,861040.0,1250956.0,-389916.0
2022-04-01,Italy,0.0,678747.0,-678747.0
2022-04-01,Malaysia,0.0,1168138.0,-1168138.0
2022-04-01,Philippines,1234243.0,0.0,1234243.0
2022-04-01,Russia,244837.0,0.0,244837.0
2022-04-01,Singapore,0.0,842717.0,-842717.0
2022-04-01,Thailand,777160.0,723400.0,53760.0
2022-04-01,United Arab Emirates,0.0,1093859.0,-1093859.0
2022-04-01,United States,9605726.0,6606658.0,2999068.0
2022-04-01,World,57842816.0,0.0,57842816.0
2022-05-01,Australia,1970570.0,0.0,1970570.0
2022-05-01,Canada,685236.0,0.0,685236.0
2022-05-01,China,13419779.0,14515941.0,-1096162.0
2022-05-01,France,0.0,676971.0,-676971.0
2022-05-01,Germany,893904.0,0.0,893904.0
2022-05-01,India,0.0,1078170.0,-1078170.0
2022-05-01,Indonesia,1024150.0,1319683.0,-295533.0
2022-05-01,Italy,0.0,727013.0,-727013.0
2022-05-01,Malaysia,0.0,997825.0,-997825.0
2022-05-01,Philippines,1264887.0,0.0,1264887.0
2022-05-01,Russia,313499.0,0.0,313499.0
2022-05-01,Singapore,0.0,857067.0,-857067.0
2022-05-01,Thailand,792675.0,683648.0,109027.0
2022-05-01,United Arab Emirates,0.0,1013240.0,-1013240.0
2022-05-01,United States,9620649.0,7196286.0,2424363.0
2022-05-01,World,61591326.0,0.0,61591326.0
2022-06-01,Australia,1578813.0,0.0,1578813.0
2022-06-01,Canada,658856.0,0.0,658856.0
2022-06-01,China,12960973.0,14158524.0,-1197551.0
2022-06-01,France,0.0,632876.0,-632876.0
2022-06-01,Germany,864252.0,0.0,864252.0
2022-06-01,India,0.0,855862.0,-855862.0
2022-06-01,Indonesia,845198.0,1064062.0,-218864.0
2022-06-01,Italy,0.0,686474.0,-686474.0
2022-06-01,Malaysia,0.0,966204.0,-966204.0
2022-06-01,Philippines,1232978.0,0.0,1232978.0
2022-06-01,Russia,337363.0,0.0,337363.0
2022-06-01,Singapore,0.0,875565.0,-875565.0
2022-06-01,Thailand,729571.0,720283.0,9288.0
2022-06-01,United Arab Emirates,0.0,1330965.0,-1330965.0
2022-06-01,United States,9768741.0,6769779.0,2998962.0
2022-06-01,World,57679934.0,0.0,57679934.0
2022-07-01,Australia,1964554.0,0.0,1964554.0
2022-07-01,Canada,665649.0,0.0,665649.0
2022-07-01,China,13214288.0,13823354.0,-609066.0
2022-07-01,France,0.0,653339.0,-653339.0
2022-07-01,Germany,886188.0,0.0,886188.0
2022-07-01,India,0.0,844865.0,-844865.0
2022-07-01,Indonesia,893010.0,1425192.0,-532182.0
2022-07-01,Italy,0.0,724277.0,-724277.0
2022-07-01,Malaysia,0.0,1220666.0,-1220666.0
2022-07-01,Philippines,1209542.0,0.0,1209542.0
2022-07-01,Russia,462934.0,0.0,462934.0
2022-07-01,Singapore,0.0,889624.0,-889624.0
2022-07-01,Thailand,749240.0,739350.0,9890.0
2022-07-01,United Arab Emirates,0.0,2395973.0,-2395973.0
2022-07-01,United States,10104092.0,6690429.0,3413663.0
2022-07-01,World,60241774.0,0.0,60241774.0
2022-08-01,Australia,1767023.0,0.0,1767023.0
2022-08-01,Canada,666113.0,0.0,666113.0
2022-08-01,China,13116160.0,13501248.0,-385088.0
2022-08-01,France,0.0,627575.0,-627575.0
2022-08-01,Germany,803647.0,0.0,803647.0
2022-08-01,India,0.0,681162.0,-681162.0
2022-08-01,Indonesia,892844.0,1436156.0,-543312.0
2022-08-01,Italy,0.0,709784.0,-709784.0
2022-08-01,Malaysia,0.0,1255579.0,-1255579.0
2022-08-01,Philippines,998707.0,0.0,998707.0
2022-08-01,Russia,438303.0,0.0,438303.0
2022-08-01,Singapore,0.0,1029960.0,-1029960.0
2022-08-01,Thailand,693406.0,708581.0,-15175.0
2022-08-01,United Arab Emirates,0.0,1511497.0,-1511497.0
2022-08-01,United States,8751247.0,7779216.0,972031.0
2022-08-01,World,56605950.0,0.0,56605950.0
2022-09-01,Australia,1567683.0,0.0,1567683.0
2022-09-01,Canada,620736.0,0.0,620736.0
2022-09-01,China,13342692.0,12677996.0,664696.0
2022-09-01,France,0.0,733175.0,-733175.0
2022-09-01,Germany,942249.0,0.0,942249.0
2022-09-01,India,0.0,577671.0,-577671.0
2022-09-01,Indonesia,876418.0,1412309.0,-535891.0
2022-09-01,Italy,0.0,779567.0,-779567.0
2022-09-01,Malaysia,0.0,1764247.0,-1764247.0
2022-09-01,Philippines,935406.0,0.0,935406.0
2022-09-01,Russia,502047.0,0.0,502047.0
2022-09-01,Singapore,0.0,839911.0,-839911.0
2022-09-01,Thailand,703126.0,611543.0,91583.0
2022-09-01,United Arab Emirates,0.0,1479329.0,-1479329.0
2022-09-01,United States,9248928.0,6657837.0,2591091.0
2022-09-01,World,57176300.0,0.0,57176300.0
2022-10-01,Australia,1372837.0,0.0,1372837.0
2022-10-01,Canada,613349.0,0.0,613349.0
2022-10-01,China,12155841.0,13411941.0,-1256100.0
2022-10-01,France,0.0,596404.0,-596404.0
2022-10-01,Germany,723292.0,0.0,723292.0
2022-10-01,India,0.0,521848.0,-521848.0
2022-10-01,Indonesia,788647.0,1192523.0,-403876.0
2022-10-01,Italy,0.0,608760.0,-608760.0
2022-10-01,Malaysia,0.0,1320383.0,-1320383.0
2022-10-01,Philippines,781807.0,0.0,781807.0
2022-10-01,Russia,646431.0,0.0,646431.0
2022-10-01,Singapore,0.0,795403.0,-795403.0
2022-10-01,Thailand,576577.0,592898.0,-16321.0
2022-10-01,United Arab Emirates,0.0,1538936.0,-1538936.0
2022-10-01,United States,8591668.0,6692906.0,1898762.0
2022-10-01,World,52428092.0,0.0,52428092.0
2022-11-01,Australia,1753465.0,0.0,1753465.0
2022-11-01,Canada,544816.0,0.0,544816.0
2022-11-01,China,11377960.0,12129046.0,-751086.0
2022-11-01,France,0.0,617421.0,-617421.0
2022-11-01,Germany,628425.0,0.0,628425.0
2022-11-01,India,0.0,537507.0,-537507.0
2022-11-01,Indonesia,764053.0,1156651.0,-392598.0
2022-11-01,Italy,0.0,739329.0,-739329.0
2022-11-01,Malaysia,0.0,1196759.0,-1196759.0
2022-11-01,Philippines,752154.0,0.0,752154.0
2022-11-01,Russia,791746.0,0.0,791746.0
2022-11-01,Singapore,0.0,758061.0,-758061.0
2022-11-01,Thailand,670716.0,564487.0,106229.0
2022-11-01,United Arab Emirates,0.0,1384121.0,-1384121.0
2022-11-01,United States,8775694.0,6529866.0,2245828.0
2022-11-01,World,51771855.0,0.0,51771855.0
2022-12-01,Australia,1381286.0,0.0,1381286.0
2022-12-01,Canada,615736.0,0.0,615736.0
2022-12-01,China,11197865.0,11810034.0,-612169.0
2022-12-01,France,0.0,764454.0,-764454.0
2022-12-01,Germany,919837.0,0.0,919837.0
2022-12-01,India,0.0,497546.0,-497546.0
2022-12-01,Indonesia,748048.0,1511162.0,-763114.0
2022-12-01,Italy,0.0,695116.0,-695116.0
2022-12-01,Malaysia,0.0,1261341.0,-1261341.0
2022-12-01,Philippines,760255.0,0.0,760255.0
2022-12-01,Russia,501729.0,0.0,501729.0
2022-12-01,Singapore,0.0,1032059.0,-1032059.0
2022-12-01,Thailand,650223.0,544206.0,106017.0
2022-12-01,United Arab Emirates,0.0,1636663.0,-1636663.0
2022-12-01,United States,9349378.0,6794422.0,2554956.0
2022-12-01,World,54848666.0,0.0,54848666.0
2023-01-01,Australia,1304488.0,0.0,1304488.0
2023-01-01,Canada,644098.0,0.0,644098.0
2023-01-01,China,9207639.0,13140061.0,-3932422.0
2023-01-01,France,0.0,667032.0,-667032.0
2023-01-01,Germany,734831.0,0.0,734831.0
2023-01-01,India,0.0,543955.0,-543955.0
2023-01-01,Indonesia,703498.0,1395647.0,-692149.0
2023-01-01,Italy,0.0,731051.0,-731051.0
2023-01-01,Malaysia,0.0,1368578.0,-1368578.0
2023-01-01,Philippines,850707.0,0.0,850707.0
2023-01-01,Russia,476571.0,0.0,476571.0
2023-01-01,Singapore,0.0,875162.0,-875162.0
2023-01-01,Thailand,669373.0,554790.0,114583.0
2023-01-01,United Arab Emirates,0.0,1324980.0,-1324980.0
2023-01-01,United States,8058604.0,6995423.0,1063181.0
2023-01-01,World,46339145.0,0.0,46339145.0
2023-02-01,Australia,1435312.0,0.0,1435312.0
2023-02-01,Canada,709092.0,0.0,709092.0
2023-02-01,China,9885693.0,11025734.0,-1140041.0
2023-02-01,France,0.0,600310.0,-600310.0
2023-02-01,Germany,801111.0,0.0,801111.0
2023-02-01,India,0.0,497612.0,-497612.0
2023-02-01,Indonesia,795788.0,1243201.0,-447413.0
2023-02-01,Italy,0.0,754889.0,-754889.0
2023-02-01,Malaysia,0.0,1404046.0,-1404046.0
2023-02-01,Philippines,641584.0,0.0,641584.0
2023-02-01,Russia,513593.0,0.0,513593.0
2023-02-01,Singapore,0.0,1046821.0,-1046821.0
2023-02-01,Thailand,689595.0,611092.0,78503.0
2023-02-01,United Arab Emirates,0.0,1677311.0,-1677311.0
2023-02-01,United States,8991831.0,6011957.0,2979874.0
2023-02-01,World,49994593.0,0.0,49994593.0
2023-03-01,Australia,1385115.0,0.0,1385115.0
2023-03-01,Canada,755377.0,0.0,755377.0
2023-03-01,China,10478065.0,13189605.0,-2711540.0
2023-03-01,France,0.0,667660.0,-667660.0
2023-03-01,Germany,895024.0,0.0,895024.0
2023-03-01,India,0.0,615276.0,-615276.0
2023-03-01,Indonesia,918459.0,1100658.0,-182199.0
2023-03-01,Italy,0.0,695871.0,-695871.0
2023-03-01,Malaysia,0.0,1373198.0,-1373198.0
2023-03-01,Philippines,790071.0,0.0,790071.0
2023-03-01,Russia,677197.0,0.0,677197.0
2023-03-01,Singapore,0.0,830379.0,-830379.0
2023-03-01,Thailand,716378.0,722129.0,-5751.0
2023-03-01,United Arab Emirates,0.0,1413473.0,-1413473.0
2023-03-01,United States,9775068.0,6675931.0,3099137.0
2023-03-01,World,54882484.0,0.0,54882484.0
2023-04-01,Australia,1264422.0,0.0,1264422.0
2023-04-01,Canada,669372.0,0.0,669372.0
2023-04-01,China,9522777.0,11794076.0,-2271299.0
2023-04-01,France,0.0,717579.0,-717579.0
2023-04-01,Germany,898220.0,0.0,898220.0
2023-04-01,India,0.0,518938.0,-518938.0
2023-04-01,Indonesia,778112.0,871189.0,-93077.0
2023-04-01,Italy,0.0,666457.0,-666457.0
2023-04-01,Malaysia,0.0,1027784.0,-1027784.0
2023-04-01,Philippines,791112.0,0.0,791112.0
2023-04-01,Russia,745629.0,0.0,745629.0
2023-04-01,Singapore,0.0,1136358.0,-1136358.0
2023-04-01,Thailand,594094.0,589867.0,4227.0
2023-04-01,United Arab Emirates,0.0,1017651.0,-1017651.0
2023-04-01,United States,9181047.0,5510740.0,3670307.0
2023-04-01,World,49430879.0,0.0,49430879.0
2023-05-01,Australia,1604417.0,0.0,1604417.0
2023-05-01,Canada,706205.0,0.0,706205.0
2023-05-01,China,10579849.0,12379598.0,-1799749.0
2023-05-01,France,0.0,637588.0,-637588.0
2023-05-01,Germany,815507.0,0.0,815507.0
2023-05-01,India,0.0,562549.0,-562549.0
2023-05-01,Indonesia,744439.0,941480.0,-197041.0
2023-05-01,Italy,0.0,783169.0,-783169.0
2023-05-01,Malaysia,0.0,1388024.0,-1388024.0
2023-05-01,Philippines,768501.0,0.0,768501.0
2023-05-01,Russia,637895.0,0.0,637895.0
2023-05-01,Singapore,0.0,853154.0,-853154.0
2023-05-01,Thailand,649845.0,684943.0,-35098.0
2023-05-01,United Arab Emirates,0.0,1289064.0,-1289064.0
2023-05-01,United States,9459648.0,6017116.0,3442532.0
2023-05-01,World,52054195.0,0.0,52054195.0
2023-06-01,Australia,1343338.0,0.0,1343338.0
2023-06-01,Canada,805665.0,0.0,805665.0
2023-06-01,China,10501952.0,11799602.0,-1297650.0
2023-06-01,France,0.0,637672.0,-637672.0
2023-06-01,Germany,1231512.0,0.0,1231512.0
2023-06-01,India,0.0,554432.0,-554432.0
2023-06-01,Indonesia,826716.0,996697.0,-169981.0
2023-06-01,Italy,0.0,708364.0,-708364.0
2023-06-01,Malaysia,0.0,1407501.0,-1407501.0
2023-06-01,Philippines,658422.0,0.0,658422.0
2023-06-01,Russia,741087.0,0.0,741087.0
2023-06-01,Singapore,0.0,1068765.0,-1068765.0
2023-06-01,Thailand,671679.0,688322.0,-16643.0
2023-06-01,United Arab Emirates,0.0,1166570.0,-1166570.0
2023-06-01,United States,9599198.0,5531066.0,4068132.0
2023-06-01,World,54297754.0,0.0,54297754.0
2023-07-01,Australia,1533744.0,0.0,1533744.0
2023-07-01,Canada,675942.0,0.0,675942.0
2023-07-01,China,9928339.0,11172938.0,-1244599.0
2023-07-01,France,0.0,660019.0,-660019.0
2023-07-01,Germany,973241.0,0.0,973241.0
2023-07-01,India,0.0,544607.0,-544607.0
2023-07-01,Indonesia,737682.0,715250.0,22432.0
2023-07-01,Italy,0.0,735240.0,-735240.0
2023-07-01,Malaysia,0.0,1150304.0,-1150304.0
2023-07-01,Philippines,830546.0,0.0,830546.0
2023-07-01,Russia,407103.0,0.0,407103.0
2023-07-01,Singapore,0.0,1135536.0,-1135536.0
2023-07-01,Thailand,652954.0,665275.0,-12321.0
2023-07-01,United Arab Emirates,0.0,783278.0,-783278.0
2023-07-01,United States,9309186.0,5319602.0,3989584.0
2023-07-01,World,50457776.0,0.0,50457776.0
2023-08-01,Australia,1462699.0,0.0,1462699.0
2023-08-01,Canada,568346.0,0.0,568346.0
2023-08-01,China,10515041.0,11688870.0,-1173829.0
2023-08-01,France,0.0,620368.0,-620368.0
2023-08-01,Germany,700175.0,0.0,700175.0
2023-08-01,India,0.0,596407.0,-596407.0
2023-08-01,Indonesia,773616.0,1095404.0,-321788.0
2023-08-01,Italy,0.0,669224.0,-669224.0
2023-08-01,Malaysia,0.0,1108665.0,-1108665.0
2023-08-01,Philippines,797406.0,0.0,797406.0
2023-08-01,Russia,372975.0,0.0,372975.0
2023-08-01,Singapore,0.0,899442.0,-899442.0
2023-08-01,Thailand,583247.0,603123.0,-19876.0
2023-08-01,United Arab Emirates,0.0,1430556.0,-1430556.0
2023-08-01,United States,8959141.0,5390722.0,3568419.0
2023-08-01,World,51994074.0,0.0,51994074.0
2023-09-01,Australia,1706134.0,0.0,1706134.0
2023-09-01,Canada,575590.0,0.0,575590.0
2023-09-01,China,10997619.0,11143265.0,-145646.0
2023-09-01,France,0.0,691847.0,-691847.0
2023-09-01,Germany,939329.0,0.0,939329.0
2023-09-01,India,0.0,552159.0,-552159.0
2023-09-01,Indonesia,738417.0,986087.0,-247670.0
2023-09-01,Italy,0.0,609814.0,-609814.0
2023-09-01,Malaysia,0.0,1130890.0,-1130890.0
2023-09-01,Philippines,711565.0,0.0,711565.0
2023-09-01,Russia,368743.0,0.0,368743.0
2023-09-01,Singapore,0.0,803279.0,-803279.0
2023-09-01,Thailand,560555.0,563927.0,-3372.0
2023-09-01,United Arab Emirates,0.0,1862813.0,-1862813.0
2023-09-01,United States,10078334.0,5122090.0,4956244.0
2023-09-01,World,54650691.0,0.0,54650691.0
2023-10-01,Australia,1926977.0,0.0,1926977.0
2023-10-01,Canada,709531.0,0.0,709531.0
2023-10-01,China,10993481.0,12549078.0,-1555597.0
2023-10-01,France,0.0,799799.0,-799799.0
2023-10-01,Germany,712267.0,0.0,712267.0
2023-10-01,India,0.0,598427.0,-598427.0
2023-10-01,Indonesia,652551.0,797384.0,-144833.0
2023-10-01,Italy,0.0,635275.0,-635275.0
2023-10-01,Malaysia,0.0,1286527.0,-1286527.0
2023-10-01,Philippines,809956.0,0.0,809956.0
2023-10-01,Russia,384949.0,0.0,384949.0
2023-10-01,Singapore,0.0,880185.0,-880185.0
2023-10-01,Thailand,602572.0,567663.0,34909.0
2023-10-01,United Arab Emirates,0.0,1453031.0,-1453031.0
2023-10-01,United States,10059689.0,6212986.0,3846703.0
2023-10-01,World,54989950.0,0.0,54989950.0
2023-11-01,Australia,1389098.0,0.0,1389098.0
2023-11-01,Canada,801807.0,0.0,801807.0
2023-11-01,China,11342928.0,12087237.0,-744309.0
2023-11-01,France,0.0,561171.0,-561171.0
2023-11-01,Germany,858698.0,0.0,858698.0
2023-11-01,India,0.0,603715.0,-603715.0
2023-11-01,Indonesia,805859.0,896620.0,-90761.0
2023-11-01,Italy,0.0,730167.0,-730167.0
2023-11-01,Malaysia,0.0,1247293.0,-1247293.0
2023-11-01,Philippines,758249.0,0.0,758249.0
2023-11-01,Russia,396212.0,0.0,396212.0
2023-11-01,Singapore,0.0,851918.0,-851918.0
2023-11-01,Thailand,589257.0,536154.0,53103.0
2023-11-01,United Arab Emirates,0.0,1463943.0,-1463943.0
2023-11-01,United States,10943600.0,6204912.0,4738688.0
2023-11-01,World,55561090.0,0.0,55561090.0
2023-12-01,Australia,1435610.0,0.0,1435610.0
2023-12-01,Canada,813466.0,0.0,813466.0
2023-12-01,China,10864298.0,10887275.0,-22977.0
2023-12-01,France,0.0,804515.0,-804515.0
2023-12-01,Germany,757206.0,0.0,757206.0
2023-12-01,India,0.0,540284.0,-540284.0
2023-12-01,Indonesia,665104.0,1106283.0,-441179.0
2023-12-01,Italy,0.0,611014.0,-611014.0
2023-12-01,Malaysia,0.0,1344332.0,-1344332.0
2023-12-01,Philippines,600508.0,0.0,600508.0
2023-12-01,Russia,411482.0,0.0,411482.0
2023-12-01,Singapore,0.0,797607.0,-797607.0
2023-12-01,Thailand,568631.0,579304.0,-10673.0
2023-12-01,United Arab Emirates,0.0,1540092.0,-1540092.0
2023-12-01,United States,11280989.0,6279486.0,5001503.0
2023-12-01,World,57573193.0,0.0,57573193.0
2024-01-01,Australia,1454836.0,0.0,1454836.0
2024-01-01,Canada,905864.0,0.0,905864.0
2024-01-01,China,10695827.0,12396980.0,-1701153.0
2024-01-01,France,0.0,588469.0,-588469.0
2024-01-01,Germany,759404.0,0.0,759404.0
2024-01-01,India,0.0,543856.0,-543856.0
2024-01-01,Indonesia,614796.0,1337315.0,-722519.0
2024-01-01,Italy,0.0,665370.0,-665370.0
2024-01-01,Malaysia,0.0,1367470.0,-1367470.0
2024-01-01,Philippines,708967.0,0.0,708967.0
2024-01-01,Russia,381462.0,0.0,381462.0
2024-01-01,Singapore,0.0,986295.0,-986295.0
2024-01-01,Thailand,637271.0,551773.0,85498.0
2024-01-01,United Arab Emirates,0.0,1881176.0,-1881176.0
2024-01-01,United States,10252308.0,6138062.0,4114246.0
2024-01-01,World,54709823.0,0.0,54709823.0
2024-02-01,Australia,1259267.0,0.0,1259267.0
2024-02-01,Canada,771374.0,0.0,771374.0
2024-02-01,China,9644037.0,9429123.0,214914.0
2024-02-01,France,0.0,544239.0,-544239.0
2024-02-01,Germany,850552.0,0.0,850552.0
2024-02-01,India,0.0,557306.0,-557306.0
2024-02-01,Indonesia,681344.0,1066665.0,-385321.0
2024-02-01,Italy,0.0,602866.0,-602866.0
2024-02-01,Malaysia,0.0,1116085.0,-1116085.0
2024-02-01,Philippines,871714.0,0.0,871714.0
2024-02-01,Russia,682255.0,0.0,682255.0
2024-02-01,Singapore,0.0,796749.0,-796749.0
2024-02-01,Thailand,608839.0,554798.0,54041.0
2024-02-01,United Arab Emirates,0.0,1379498.0,-1379498.0
2024-02-01,United States,9809053.0,5612523.0,4196530.0
2024-02-01,World,52076390.0,0.0,52076390.0
2024-03-01,Australia,1589358.0,0.0,1589358.0
2024-03-01,Canada,868836.0,0.0,868836.0
2024-03-01,China,10520355.0,11409748.0,-889393.0
2024-03-01,France,0.0,613462.0,-613462.0
2024-03-01,Germany,797172.0,0.0,797172.0
2024-03-01,India,0.0,497623.0,-497623.0
2024-03-01,Indonesia,495931.0,1028617.0,-532686.0
2024-03-01,Italy,0.0,735552.0,-735552.0
2024-03-01,Malaysia,0.0,1061066.0,-1061066.0
2024-03-01,Philippines,677320.0,0.0,677320.0
2024-03-01,Russia,308285.0,0.0,308285.0
2024-03-01,Singapore,0.0,883606.0,-883606.0
2024-03-01,Thailand,605607.0,601694.0,3913.0
2024-03-01,United Arab Emirates,0.0,1809469.0,-1809469.0
2024-03-01,United States,10880793.0,5975811.0,4904982.0
2024-03-01,World,56518309.0,0.0,56518309.0
2024-04-01,Australia,1427201.0,0.0,1427201.0
2024-04-01,Canada,972096.0,0.0,972096.0
2024-04-01,China,10475410.0,12425106.0,-1949696.0
2024-04-01,France,0.0,640793.0,-640793.0
2024-04-01,Germany,918763.0,0.0,918763.0
2024-04-01,India,0.0,520352.0,-520352.0
2024-04-01,Indonesia,650345.0,1077470.0,-427125.0
2024-04-01,Italy,0.0,688898.0,-688898.0
2024-04-01,Malaysia,0.0,1028087.0,-1028087.0
2024-04-01,Philippines,847146.0,0.0,847146.0
2024-04-01,Russia,316427.0,0.0,316427.0
2024-04-01,Singapore,0.0,861347.0,-861347.0
2024-04-01,Thailand,668783.0,635057.0,33726.0
2024-04-01,United Arab Emirates,0.0,1995492.0,-1995492.0
2024-04-01,United States,11400587.0,6012893.0,5387694.0
2024-04-01,World,56148299.0,0.0,56148299.0
2024-05-01,Australia,1253380.0,0.0,1253380.0
2024-05-01,Canada,942685.0,0.0,942685.0
2024-05-01,China,11378217.0,12287459.0,-909242.0
2024-05-01,France,0.0,615882.0,-615882.0
2024-05-01,Germany,912421.0,0.0,912421.0
2024-05-01,India,0.0,478547.0,-478547.0
2024-05-01,Indonesia,679128.0,1084435.0,-405307.0
2024-05-01,Italy,0.0,632275.0,-632275.0
2024-05-01,Malaysia,0.0,1016349.0,-1016349.0
2024-05-01,Philippines,984922.0,0.0,984922.0
2024-05-01,Russia,313514.0,0.0,313514.0
2024-05-01,Singapore,0.0,887799.0,-887799.0
2024-05-01,Thailand,646806.0,608572.0,38234.0
2024-05-01,United Arab Emirates,0.0,1267426.0,-1267426.0
2024-05-01,United States,10930529.0,6375264.0,4555265.0
2024-05-01,World,58020557.0,0.0,58020557.0
2024-06-01,Australia,1169209.0,0.0,1169209.0
2024-06-01,Canada,892873.0,0.0,892873.0
2024-06-01,China,10706131.0,10941026.0,-234895.0
2024-06-01,France,0.0,733389.0,-733389.0
2024-06-01,Germany,669829.0,0.0,669829.0
2024-06-01,India,0.0,517580.0,-517580.0
2024-06-01,Indonesia,715609.0,814901.0,-99292.0
2024-06-01,Italy,0.0,659887.0,-659887.0
2024-06-01,Malaysia,0.0,1135523.0,-1135523.0
2024-06-01,Philippines,770306.0,0.0,770306.0
2024-06-01,Russia,358275.0,0.0,358275.0
2024-06-01,Singapore,0.0,671151.0,-671151.0
2024-06-01,Thailand,599051.0,620340.0,-21289.0
2024-06-01,United Arab Emirates,0.0,1632577.0,-1632577.0
2024-06-01,United States,11295693.0,5496912.0,5798781.0
2024-06-01,World,57341634.0,0.0,57341634.0
2024-07-01,Australia,1374642.0,0.0,1374642.0
2024-07-01,Canada,941186.0,0.0,941186.0
2024-07-01,China,11388071.0,11942846.0,-554775.0
2024-07-01,France,0.0,646512.0,-646512.0
2024-07-01,Germany,625648.0,0.0,625648.0
2024-07-01,India,0.0,570074.0,-570074.0
2024-07-01,Indonesia,758552.0,954830.0,-196278.0
2024-07-01,Italy,0.0,701332.0,-701332.0
2024-07-01,Malaysia,0.0,1048847.0,-1048847.0
2024-07-01,Philippines,911837.0,0.0,911837.0
2024-07-01,Russia,379387.0,0.0,379387.0
2024-07-01,Singapore,0.0,907389.0,-907389.0
2024-07-01,Thailand,773150.0,683555.0,89595.0
2024-07-01,United Arab Emirates,0.0,1256010.0,-1256010.0
2024-07-01,United States,10184399.0,7921852.0,2262547.0
2024-07-01,World,57458788.0,0.0,57458788.0
2024-08-01,Australia,1236195.0,0.0,1236195.0
2024-08-01,Canada,782091.0,0.0,782091.0
2024-08-01,China,11340799.0,11482791.0,-141992.0
2024-08-01,France,0.0,808423.0,-808423.0
2024-08-01,Germany,867481.0,0.0,867481.0
2024-08-01,India,0.0,584789.0,-584789.0
2024-08-01,Indonesia,755965.0,1203242.0,-447277.0
2024-08-01,Italy,0.0,583947.0,-583947.0
2024-08-01,Malaysia,0.0,1256219.0,-1256219.0
2024-08-01,Philippines,882276.0,0.0,882276.0
2024-08-01,Russia,380507.0,0.0,380507.0
2024-08-01,Singapore,0.0,911315.0,-911315.0
2024-08-01,Thailand,638203.0,618702.0,19501.0
2024-08-01,United Arab Emirates,0.0,1471818.0,-1471818.0
2024-08-01,United States,9937504.0,6257983.0,3679521.0
2024-08-01,World,57642924.0,0.0,57642924.0
2024-09-01,Australia,1401055.0,0.0,1401055.0
2024-09-01,Canada,792903.0,0.0,792903.0
2024-09-01,China,11626573.0,11221400.0,405173.0
2024-09-01,France,0.0,533888.0,-533888.0
2024-09-01,Germany,695852.0,0.0,695852.0
2024-09-01,India,0.0,427293.0,-427293.0
2024-09-01,Indonesia,593777.0,1108703.0,-514926.0
2024-09-01,Italy,0.0,599688.0,-599688.0
2024-09-01,Malaysia,0.0,1039706.0,-1039706.0
2024-09-01,Philippines,986488.0,0.0,986488.0
2024-09-01,Russia,350113.0,0.0,350113.0
2024-09-01,Singapore,0.0,816093.0,-816093.0
2024-09-01,Thailand,622579.0,572102.0,50477.0
2024-09-01,United Arab Emirates,0.0,1325343.0,-1325343.0
2024-09-01,United States,10411877.0,5457525.0,4954352.0
2024-09-01,World,58544693.0,0.0,58544693.0
2024-10-01,Australia,1074930.0,0.0,1074930.0
2024-10-01,Canada,913564.0,0.0,913564.0
2024-10-01,China,12172811.0,12513916.0,-341105.0
2024-10-01,France,0.0,649011.0,-649011.0
2024-10-01,Germany,710472.0,0.0,710472.0
2024-10-01,India,0.0,544731.0,-544731.0
2024-10-01,Indonesia,717415.0,987644.0,-270229.0
2024-10-01,Italy,0.0,685088.0,-685088.0
2024-10-01,Malaysia,0.0,1215851.0,-1215851.0
2024-10-01,Philippines,949449.0,0.0,949449.0
2024-10-01,Russia,333045.0,0.0,333045.0
2024-10-01,Singapore,0.0,1057251.0,-1057251.0
2024-10-01,Thailand,622214.0,574888.0,47326.0
2024-10-01,United Arab Emirates,0.0,1496760.0,-1496760.0
2024-10-01,United States,10394328.0,5968731.0,4425597.0
2024-10-01,World,57500192.0,0.0,57500192.0
2024-11-01,Australia,1204183.0,0.0,1204183.0
2024-11-01,Canada,702083.0,0.0,702083.0
2024-11-01,China,11290362.0,11445747.0,-155385.0
2024-11-01,France,0.0,624989.0,-624989.0
2024-11-01,Germany,616667.0,0.0,616667.0
2024-11-01,India,0.0,554599.0,-554599.0
2024-11-01,Indonesia,655072.0,1031879.0,-376807.0
2024-11-01,Italy,0.0,547245.0,-547245.0
2024-11-01,Malaysia,0.0,1375506.0,-1375506.0
2024-11-01,Philippines,841471.0,0.0,841471.0
2024-11-01,Russia,371130.0,0.0,371130.0
2024-11-01,Singapore,0.0,732737.0,-732737.0
2024-11-01,Thailand,642537.0,587618.0,54919.0
2024-11-01,United Arab Emirates,0.0,1435526.0,-1435526.0
2024-11-01,United States,10370481.0,5438200.0,4932281.0
2024-11-01,World,56288629.0,0.0,56288629.0
2024-12-01,Australia,1153689.0,0.0,1153689.0
2024-12-01,Canada,865952.0,0.0,865952.0
2024-12-01,China,11772793.0,12382340.0,-609547.0
2024-12-01,France,0.0,1148633.0,-1148633.0
2024-12-01,Germany,612736.0,0.0,612736.0
2024-12-01,India,0.0,634573.0,-634573.0
2024-12-01,Indonesia,630316.0,868623.0,-238307.0
2024-12-01,Italy,0.0,622574.0,-622574.0
2024-12-01,Malaysia,0.0,1320471.0,-1320471.0
2024-12-01,Philippines,814824.0,0.0,814824.0
2024-12-01,Russia,354642.0,0.0,354642.0
2024-12-01,Singapore,0.0,1048732.0,-1048732.0
2024-12-01,Thailand,613190.0,564965.0,48225.0
2024-12-01,United Arab Emirates,0.0,979744.0,-979744.0
2024-12-01,United States,11893820.0,5476550.0,6417270.0
2024-12-01,World,61359250.0,0.0,61359250.0
2025-01-01,Australia,909465.0,0.0,909465.0
2025-01-01,Canada,734864.0,0.0,734864.0
2025-01-01,China,9208191.0,11203607.0,-1995416.0
2025-01-01,France,0.0,483052.0,-483052.0
2025-01-01,Germany,768960.0,0.0,768960.0
2025-01-01,India,0.0,536068.0,-536068.0
2025-01-01,Indonesia,551728.0,1100749.0,-549021.0
2025-01-01,Italy,0.0,460757.0,-460757.0
2025-01-01,Malaysia,0.0,1346302.0,-1346302.0
2025-01-01,Philippines,880784.0,0.0,880784.0
2025-01-01,Russia,223322.0,0.0,223322.0
2025-01-01,Singapore,0.0,1023253.0,-1023253.0
2025-01-01,Thailand,624292.0,461394.0,162898.0
2025-01-01,United Arab Emirates,0.0,1456446.0,-1456446.0
2025-01-01,United States,9282755.0,5836250.0,3446505.0
2025-01-01,World,49181269.0,0.0,49181269.0
2025-02-01,Australia,991925.0,0.0,991925.0
2025-02-01,Canada,817332.0,0.0,817332.0
2025-02-01,China,9503939.0,9483178.0,20761.0
2025-02-01,France,0.0,818320.0,-818320.0
2025-02-01,Germany,708528.0,0.0,708528.0
2025-02-01,India,0.0,537870.0,-537870.0
2025-02-01,Indonesia,674871.0,984112.0,-309241.0
2025-02-01,Italy,0.0,587956.0,-587956.0
2025-02-01,Malaysia,0.0,1378272.0,-1378272.0
2025-02-01,Philippines,727957.0,0.0,727957.0
2025-02-01,Russia,297399.0,0.0,297399.0
2025-02-01,Singapore,0.0,869064.0,-869064.0
2025-02-01,Thailand,668610.0,610238.0,58372.0
2025-02-01,United Arab Emirates,0.0,1379200.0,-1379200.0
2025-02-01,United States,9891888.0,5734141.0,4157747.0
2025-02-01,World,52298804.0,0.0,52298804.0
2025-03-01,Australia,902266.0,0.0,902266.0
2025-03-01,Canada,895471.0,0.0,895471.0
2025-03-01,China,10057436.0,11374859.0,-1317423.0
2025-03-01,France,0.0,665083.0,-665083.0
2025-03-01,Germany,894651.0,0.0,894651.0
2025-03-01,India,0.0,592668.0,-592668.0
2025-03-01,Indonesia,537182.0,800498.0,-263316.0
2025-03-01,Italy,0.0,565354.0,-565354.0
2025-03-01,Malaysia,0.0,1184630.0,-1184630.0
2025-03-01,Philippines,1051346.0,0.0,1051346.0
2025-03-01,Russia,298439.0,0.0,298439.0
2025-03-01,Singapore,0.0,940282.0,-940282.0
2025-03-01,Thailand,658907.0,603181.0,55726.0
2025-03-01,United Arab Emirates,0.0,1628697.0,-1628697.0
2025-03-01,United States,11116373.0,5387958.0,5728415.0
2025-03-01,World,58082221.0,0.0,58082221.0
2025-04-01,Australia,1311412.0,0.0,1311412.0
2025-04-01,Canada,890712.0,0.0,890712.0
2025-04-01,China,10869194.0,12501719.0,-1632525.0
2025-04-01,France,0.0,736018.0,-736018.0
2025-04-01,Germany,942882.0,0.0,942882.0
2025-04-01,India,0.0,504493.0,-504493.0
2025-04-01,Indonesia,708727.0,878940.0,-170213.0
2025-04-01,Italy,0.0,543660.0,-543660.0
2025-04-01,Malaysia,0.0,1308413.0,-1308413.0
2025-04-01,Philippines,735009.0,0.0,735009.0
2025-04-01,Russia,360306.0,0.0,360306.0
2025-04-01,Singapore,0.0,980245.0,-980245.0
2025-04-01,Thailand,696061.0,661479.0,34582.0
2025-04-01,United Arab Emirates,0.0,929990.0,-929990.0
2025-04-01,United States,10603564.0,6145211.0,4458353.0
2025-04-01,World,58115796.0,0.0,58115796.0
2025-05-01,Australia,1135383.0,0.0,1135383.0
2025-05-01,Canada,962128.0,0.0,962128.0
2025-05-01,China,10440331.0,11342459.0,-902128.0
2025-05-01,France,0.0,603801.0,-603801.0
2025-05-01,Germany,1072461.0,0.0,1072461.0
2025-05-01,India,0.0,628197.0,-628197.0
2025-05-01,Indonesia,567580.0,859617.0,-292037.0
2025-05-01,Italy,0.0,578681.0,-578681.0
2025-05-01,Malaysia,0.0,1103683.0,-1103683.0
2025-05-01,Philippines,862919.0,0.0,862919.0
2025-05-01,Russia,374427.0,0.0,374427.0
2025-05-01,Singapore,0.0,864056.0,-864056.0
2025-05-01,Thailand,636847.0,565101.0,71746.0
2025-05-01,United Arab Emirates,0.0,790846.0,-790846.0
2025-05-01,United States,10034112.0,6764853.0,3269259.0
2025-05-01,World,57241164.0,0.0,57241164.0
2025-06-01,Australia,1177461.0,0.0,1177461.0
2025-06-01,Canada,939846.0,0.0,939846.0
2025-06-01,China,10418316.0,11496216.0,-1077900.0
2025-06-01,France,0.0,736306.0,-736306.0
2025-06-01,Germany,650954.0,0.0,650954.0
2025-06-01,India,0.0,479545.0,-479545.0
2025-06-01,Indonesia,528920.0,961502.0,-432582.0
2025-06-01,Italy,0.0,901904.0,-901904.0
2025-06-01,Malaysia,0.0,1241985.0,-1241985.0
2025-06-01,Philippines,1034096.0,0.0,1034096.0
2025-06-01,Russia,339977.0,0.0,339977.0
2025-06-01,Singapore,0.0,849262.0,-849262.0
2025-06-01,Thailand,649689.0,639882.0,9807.0
2025-06-01,United Arab Emirates,0.0,1206736.0,-1206736.0
2025-06-01,United States,11241336.0,5979627.0,5261709.0
2025-06-01,World,59801385.0,0.0,59801385.0
