date,indicator,value,unit,source,trend_3m
2000-01-01,KOSPI,943.8800048828124,index,ECOS,
2000-01-01,Coincident Index,100.4,index,ECOS,
2000-01-01,Leading Index,105.1,index,ECOS,
2000-01-01,Leading–Coincident Spread,4.699999999999989,index,ECOS,
2000-02-01,KOSPI,828.3800048828125,index,ECOS,
2000-02-01,Coincident Index,100.4,index,ECOS,
2000-02-01,Leading Index,105.1,index,ECOS,
2000-02-01,Leading–Coincident Spread,4.699999999999989,index,ECOS,
2000-03-01,KOSPI,860.9400024414062,index,ECOS,-0.04153080996968789
2000-03-01,Coincident Index,100.7,index,ECOS,0.0014940239043824688
2000-03-01,Leading Index,105.2,index,ECOS,0.0004757373929591413
2000-03-01,Leading–Coincident Spread,4.5,index,ECOS,-0.021276595744679716
2000-04-01,KOSPI,725.3900146484375,index,ECOS,-0.05906927239141768
2000-04-01,Coincident Index,100.9,index,ECOS,0.00248707256376679
2000-04-01,Leading Index,104.5,index,ECOS,-0.0028512588047595044
2000-04-01,Leading–Coincident Spread,3.5999999999999943,index,ECOS,-0.12127659574468036
2000-05-01,KOSPI,731.8800048828125,index,ECOS,-0.07424863830559358
2000-05-01,Coincident Index,101.4,index,ECOS,0.003470749353140512
2000-05-01,Leading Index,104.2,index,ECOS,-0.004762402896283213
2000-05-01,Leading–Coincident Spread,2.799999999999997,index,ECOS,-0.21111111111111153
2000-06-01,KOSPI,821.219970703125,index,ECOS,0.06550802091428176
2000-06-01,Coincident Index,101.7,index,ECOS,0.003956990634584545
2000-06-01,Leading Index,104.2,index,ECOS,-0.0014354066985645675
2000-06-01,Leading–Coincident Spread,2.5,index,ECOS,-0.164682539682539
2000-07-01,KOSPI,705.969970703125,index,ECOS,-0.009135421414742828
2000-07-01,Coincident Index,102.6,index,ECOS,0.005904068701890308
2000-07-01,Leading Index,104.1,index,ECOS,-0.0004798464491362897
2000-07-01,Leading–Coincident Spread,1.5,index,ECOS,-0.2535714285714281
2000-08-01,KOSPI,688.6199951171875,index,ECOS,-0.08245803427729481
2000-08-01,Coincident Index,102.6,index,ECOS,0.004424778761061954
2000-08-01,Leading Index,104.6,index,ECOS,0.001921690534533227
2000-08-01,Leading–Coincident Spread,2.0,index,ECOS,-0.03333333333333338
2000-09-01,KOSPI,613.219970703125,index,ECOS,-0.06703523441041814
2000-09-01,Coincident Index,102.3,index,ECOS,-0.0014619883040935533
2000-09-01,Leading Index,103.7,index,ECOS,-0.0019005662668084566
2000-09-01,Leading–Coincident Spread,1.4000000000000057,index,ECOS,0.01666666666666805
2000-10-01,KOSPI,514.47998046875,index,ECOS,-0.13525663147134093
2000-10-01,Coincident Index,101.7,index,ECOS,-0.0043945396237416445
2000-10-01,Leading Index,102.2,index,ECOS,-0.011534504407662183
2000-10-01,Leading–Coincident Spread,0.5,index,ECOS,-0.47142857142857075
2000-11-01,KOSPI,509.2300109863281,index,ECOS,-0.08561164753502915
2000-11-01,Coincident Index,101.2,index,ECOS,-0.005390761742460282
2000-11-01,Leading Index,99.7,index,ECOS,-0.019463320922350535
2000-11-01,Leading–Coincident Spread,-1.5,index,ECOS,-2.321428571428572
2000-12-01,KOSPI,504.6199951171875,index,ECOS,-0.009628667055822882
2000-12-01,Coincident Index,100.7,index,ECOS,-0.0049285661540374726
2000-12-01,Leading Index,98.4,index,ECOS,-0.018750478441194374
2000-12-01,Leading–Coincident Spread,-2.299999999999997,index,ECOS,-1.7333333333333343
2001-01-01,KOSPI,617.9099731445312,index,ECOS,0.10772630622131579
2001-01-01,Coincident Index,100.3,index,ECOS,-0.004456453049993925
2001-01-01,Leading Index,96.9,index,ECOS,-0.01414150989554025
2001-01-01,Leading–Coincident Spread,-3.3999999999999915,index,ECOS,0.5057971014492735
2001-02-01,KOSPI,578.0999755859375,index,ECOS,0.08003933502332544
2001-02-01,Coincident Index,99.9,index,ECOS,-0.00398011526493014
2001-02-01,Leading Index,96.7,index,ECOS,-0.008653942963578243
2001-02-01,Leading–Coincident Spread,-3.200000000000003,index,ECOS,0.209718670076727
2001-03-01,KOSPI,523.219970703125,index,ECOS,-0.07967927115288675
2001-03-01,Coincident Index,99.8,index,ECOS,-0.002494518446662042
2001-03-01,Leading Index,96.7,index,ECOS,-0.0010319917440660409
2001-03-01,Leading–Coincident Spread,-3.0999999999999943,index,ECOS,-0.04503676470588208
2001-04-01,KOSPI,577.3599853515625,index,ECOS,0.00427149321692849
2001-04-01,Coincident Index,99.6,index,ECOS,-0.0015025045085165778
2001-04-01,Leading Index,96.8,index,ECOS,0.0005170630816959676
2001-04-01,Leading–Coincident Spread,-2.799999999999997,index,ECOS,-0.0640120967741945
2001-05-01,KOSPI,612.1599731445312,index,ECOS,0.08187450211029101
2001-05-01,Coincident Index,99.8,index,ECOS,2.0120562410075316e-06
2001-05-01,Leading Index,97.2,index,ECOS,0.002583178784175355
2001-05-01,Leading–Coincident Spread,-2.5999999999999943,index,ECOS,-0.08410138248847943
2001-06-01,KOSPI,595.1300048828125,index,ECOS,0.01622742946444461
2001-06-01,Coincident Index,99.8,index,ECOS,0.0010040160642570406
2001-06-01,Leading Index,97.3,index,ECOS,0.0025805189946603857
2001-06-01,Leading–Coincident Spread,-2.5,index,ECOS,-0.05494505494505442
2001-07-01,KOSPI,541.5499877929688,index,ECOS,-0.05892512562151914
2001-07-01,Coincident Index,99.2,index,ECOS,-0.0030060120240480437
2001-07-01,Leading Index,97.0,index,ECOS,-0.0010272205516010935
2001-07-01,Leading–Coincident Spread,-2.200000000000003,index,ECOS,-0.0792307692307676
2001-08-01,KOSPI,545.1099853515625,index,ECOS,-0.04172852917519154
2001-08-01,Coincident Index,99.0,index,ECOS,-0.004014076540177103
2001-08-01,Leading Index,96.7,index,ECOS,-0.003088015596359406
2001-08-01,Leading–Coincident Spread,-2.299999999999997,index,ECOS,-0.03727272727272807
2001-09-01,KOSPI,479.6799926757813,index,ECOS,-0.05672854502285196
2001-09-01,Coincident Index,99.4,index,ECOS,0.001012137504072974
2001-09-01,Leading Index,96.7,index,ECOS,-0.001546391752577314
2001-09-01,Leading–Coincident Spread,-2.700000000000003,index,ECOS,0.1096837944664032
2001-10-01,KOSPI,537.8099975585938,index,ECOS,0.0005770797052551124
2001-10-01,Coincident Index,99.8,index,ECOS,0.004032274454809581
2001-10-01,Leading Index,97.0,index,ECOS,0.0015511892450879028
2001-10-01,Leading–Coincident Spread,-2.799999999999997,index,ECOS,0.10547504025764931
2001-11-01,KOSPI,643.8900146484375,index,ECOS,0.1592146906625327
2001-11-01,Coincident Index,100.1,index,ECOS,0.00351507844663157
2001-11-01,Leading Index,98.1,index,ECOS,0.007221292337871388
2001-11-01,Leading–Coincident Spread,-2.0,index,ECOS,-0.12433862433862503
2001-12-01,KOSPI,693.7000122070312,index,ECOS,0.13730117045732915
2001-12-01,Coincident Index,99.7,index,ECOS,-0.0004949959859779085
2001-12-01,Leading Index,99.4,index,ECOS,0.012295995039776408
2001-12-01,Leading–Coincident Spread,-0.2999999999999971,index,ECOS,-0.5678571428571433
2002-01-01,KOSPI,748.0700073242188,index,ECOS,0.07786736989501442
2002-01-01,Coincident Index,100.1,index,ECOS,8.016056160520257e-06
2002-01-01,Leading Index,101.1,index,ECOS,0.015177199794075391
2002-01-01,Leading–Coincident Spread,1.0,index,ECOS,-2.5916666666666837
2002-02-01,KOSPI,819.989990234375,index,ECOS,0.08725876161956025
2002-02-01,Coincident Index,100.6,index,ECOS,0.004503520551664919
2002-02-01,Leading Index,102.4,index,ECOS,0.014980585789713619
2002-02-01,Leading–Coincident Spread,1.8000000000000114,index,ECOS,-1.7666666666666773
2002-03-01,KOSPI,895.5800170898438,index,ECOS,0.09416239828998463
2002-03-01,Coincident Index,101.4,index,ECOS,0.006473645638655601
2002-03-01,Leading Index,103.7,index,ECOS,0.01277693419263115
2002-03-01,Leading–Coincident Spread,2.299999999999997,index,ECOS,0.5388888888888897
2002-04-01,KOSPI,842.3400268554688,index,ECOS,0.016368294017782448
2002-04-01,Coincident Index,101.7,index,ECOS,0.005455433081981487
2002-04-01,Leading Index,104.0,index,ECOS,0.007794136481436786
2002-04-01,Leading–Coincident Spread,2.299999999999997,index,ECOS,0.13888888888888407
2002-05-01,KOSPI,796.4000244140625,index,ECOS,-0.05699302268888129
2002-05-01,Coincident Index,101.5,index,ECOS,0.000496005771703445
2002-05-01,Leading Index,103.7,index,ECOS,4.1725391290992064e-06
2002-05-01,Leading–Coincident Spread,2.200000000000003,index,ECOS,-0.021739130434781373
2002-06-01,KOSPI,742.719970703125,index,ECOS,-0.06097096441624261
2002-06-01,Coincident Index,101.0,index,ECOS,-0.0034463383563170247
2002-06-01,Leading Index,102.7,index,ECOS,-0.00626390846376379
2002-06-01,Leading–Coincident Spread,1.7000000000000028,index,ECOS,-0.13537549407114485
2002-07-01,KOSPI,717.989990234375,index,ECOS,-0.05034994348842925
2002-07-01,Coincident Index,101.0,index,ECOS,-0.0024630541871921152
2002-07-01,Leading Index,102.1,index,ECOS,-0.007742730274864107
2002-07-01,Leading–Coincident Spread,1.0999999999999943,index,ECOS,-0.2901069518716598
2002-08-01,KOSPI,736.4000244140625,index,ECOS,-0.0038277165446964356
2002-08-01,Coincident Index,101.0,index,ECOS,0.0
2002-08-01,Leading Index,101.6,index,ECOS,-0.005369709327110284
2002-08-01,Leading–Coincident Spread,0.5999999999999943,index,ECOS,-0.4037433155080248
2002-09-01,KOSPI,646.4199829101562,index,ECOS,-0.048274003208726046
2002-09-01,Coincident Index,101.3,index,ECOS,0.0014851485148514865
2002-09-01,Leading Index,101.2,index,ECOS,-0.004417083760710094
2002-09-01,Leading–Coincident Spread,-0.0999999999999943,index,ECOS,-0.8106060606060579
2002-10-01,KOSPI,658.9199829101562,index,ECOS,-0.0514259032601338
2002-10-01,Coincident Index,101.2,index,ECOS,0.000991565099254299
2002-10-01,Leading Index,100.3,index,ECOS,-0.0064151442532133784
2002-10-01,Leading–Coincident Spread,-0.9000000000000057,index,ECOS,3.4166666666669556
2002-11-01,KOSPI,724.7999877929688,index,ECOS,0.059659535938051955
2002-11-01,Coincident Index,101.5,index,ECOS,0.0009886300231379264
2002-11-01,Leading Index,100.2,index,ECOS,-0.004945144802745938
2002-11-01,Leading–Coincident Spread,-1.2999999999999972,index,ECOS,4.222222222222501
2002-12-01,KOSPI,627.5499877929688,index,ECOS,-0.01709657434383549
2002-12-01,Coincident Index,101.3,index,ECOS,0.0004969917638582566
2002-12-01,Leading Index,100.3,index,ECOS,4.975094675674363e-07
2002-12-01,Leading–Coincident Spread,-1.0,index,ECOS,0.10683760683760157
2003-01-01,KOSPI,591.8599853515625,index,ECOS,-0.09552345723110311
2003-01-01,Coincident Index,101.2,index,ECOS,-0.0014788050904740446
2003-01-01,Leading Index,100.1,index,ECOS,-0.0004980069770728068
2003-01-01,Leading–Coincident Spread,-1.1000000000000083,index,ECOS,-0.06538461538461038
2003-02-01,KOSPI,575.4299926757812,index,ECOS,-0.04231594946601652
2003-02-01,Coincident Index,100.7,index,ECOS,-0.0029639391468224696
2003-02-01,Leading Index,99.9,index,ECOS,-0.0019960099720817137
2003-02-01,Leading–Coincident Spread,-0.7999999999999972,index,ECOS,-0.08636363636363625
2003-03-01,KOSPI,535.7000122070312,index,ECOS,-0.04840195886696025
2003-03-01,Coincident Index,100.4,index,ECOS,-0.003959928720301709
2003-03-01,Leading Index,99.6,index,ECOS,-0.002500502500502544
2003-03-01,Leading–Coincident Spread,-0.8000000000000114,index,ECOS,-0.13636363636363152
2003-04-01,KOSPI,599.3499755859375,index,ECOS,0.02488622225636916
2003-04-01,Coincident Index,99.8,index,ECOS,-0.0044776207978414195
2003-04-01,Leading Index,99.2,index,ECOS,-0.0035095336300156044
2003-04-01,Leading–Coincident Spread,-0.5999999999999943,index,ECOS,-0.125
2003-05-01,KOSPI,633.4199829101562,index,ECOS,0.08783068028272234
2003-05-01,Coincident Index,99.7,index,ECOS,-0.003489049812772982
2003-05-01,Leading Index,99.0,index,ECOS,-0.003016096644643085
2003-05-01,Leading–Coincident Spread,-0.7000000000000028,index,ECOS,-0.04166666666666763
2003-06-01,KOSPI,669.9299926757812,index,ECOS,0.05724221387315276
2003-06-01,Coincident Index,99.8,index,ECOS,5.025095325961182e-07
2003-06-01,Leading Index,99.3,index,ECOS,0.0005070869990224103
2003-06-01,Leading–Coincident Spread,-0.5,index,ECOS,-0.05952380952380304
2003-07-01,KOSPI,713.52001953125,index,ECOS,0.061353019084462
2003-07-01,Coincident Index,99.7,index,ECOS,5.025095325961182e-07
2003-07-01,Leading Index,99.3,index,ECOS,0.0015151515151514694
2003-07-01,Leading–Coincident Spread,-0.4000000000000057,index,ECOS,-0.2428571428571386
2003-08-01,KOSPI,759.469970703125,index,ECOS,0.06473275292708303
2003-08-01,Coincident Index,99.8,index,ECOS,5.025095325961182e-07
2003-08-01,Leading Index,99.7,index,ECOS,0.002014098690835908
2003-08-01,Leading–Coincident Spread,-0.0999999999999943,index,ECOS,-0.4750000000000032
2003-09-01,KOSPI,697.52001953125,index,ECOS,-0.008585507774868772
2003-09-01,Coincident Index,99.8,index,ECOS,0.0005015045135405849
2003-09-01,Leading Index,99.9,index,ECOS,0.003017107717917189
2003-09-01,Leading–Coincident Spread,0.1000000000000085,index,ECOS,-1.37500000000008
2003-10-01,KOSPI,782.3599853515625,index,ECOS,0.020030443724557645
2003-10-01,Coincident Index,100.2,index,ECOS,0.002004008016032066
2003-10-01,Leading Index,100.4,index,ECOS,0.0035055115295837824
2003-10-01,Leading–Coincident Spread,0.2000000000000028,index,ECOS,-0.5000000000001421
2003-11-01,KOSPI,796.1799926757812,index,ECOS,0.06964769026863327
2003-11-01,Coincident Index,100.3,index,ECOS,0.002503010012040008
2003-11-01,Leading Index,100.4,index,ECOS,0.0025025025025025016
2003-11-01,Leading–Coincident Spread,0.1000000000000085,index,ECOS,0.2499999999999467
2003-12-01,KOSPI,810.7100219726562,index,ECOS,0.017957095486515695
2003-12-01,Coincident Index,100.6,index,ECOS,0.001994515455629009
2003-12-01,Leading Index,100.5,index,ECOS,0.0004980079681274896
2003-12-01,Leading–Coincident Spread,-0.0999999999999943,index,ECOS,-1.2499999999999112
2004-01-01,KOSPI,848.5,index,ECOS,0.03243155645644635
2004-01-01,Coincident Index,100.9,index,ECOS,0.0029865671375535197
2004-01-01,Leading Index,100.7,index,ECOS,0.0014930328437493534
2004-01-01,Leading–Coincident Spread,-0.2000000000000028,index,ECOS,-0.4999999999998581
2004-02-01,KOSPI,883.4199829101562,index,ECOS,0.043884196570796896
2004-02-01,Coincident Index,101.4,index,ECOS,0.003968754371688643
2004-02-01,Leading Index,101.0,index,ECOS,0.0024845978646983458
2004-02-01,Leading–Coincident Spread,-0.4000000000000057,index,ECOS,1.000000000000071
2004-03-01,KOSPI,880.5,index,ECOS,0.018924821217523036
2004-03-01,Coincident Index,101.6,index,ECOS,0.0034638939876416863
2004-03-01,Leading Index,101.1,index,ECOS,0.0019846224940269774
2004-03-01,Leading–Coincident Spread,-0.5,index,ECOS,0.6249999999999913
2004-04-01,KOSPI,862.8400268554688,index,ECOS,-0.011681036107962284
2004-04-01,Coincident Index,101.6,index,ECOS,0.0009861932938854956
2004-04-01,Leading Index,101.2,index,ECOS,0.0009896093466913447
2004-04-01,Leading–Coincident Spread,-0.3999999999999915,index,ECOS,0.02499999999998259
2004-05-01,KOSPI,803.8400268554688,index,ECOS,-0.044217797626167066
2004-05-01,Coincident Index,101.2,index,ECOS,-0.001968503937007815
2004-05-01,Leading Index,100.8,index,ECOS,-0.001481724743239432
2004-05-01,Leading–Coincident Spread,-0.4000000000000057,index,ECOS,-0.09999999999999076
2004-06-01,KOSPI,785.7899780273438,index,ECOS,-0.045416808592786906
2004-06-01,Coincident Index,101.0,index,ECOS,-0.002956646229497928
2004-06-01,Leading Index,100.5,index,ECOS,-0.003464379823075514
2004-06-01,Leading–Coincident Spread,-0.5,index,ECOS,0.12500000000000888
2004-07-01,KOSPI,735.3400268554688,index,ECOS,-0.043328810545123
2004-07-01,Coincident Index,100.5,index,ECOS,-0.0034633898172425903
2004-07-01,Leading Index,100.1,index,ECOS,-0.003478144989339016
2004-07-01,Leading–Coincident Spread,-0.4000000000000057,index,ECOS,0.024999999999996803
2004-08-01,KOSPI,803.5700073242188,index,ECOS,0.014292068200438768
2004-08-01,Coincident Index,100.1,index,ECOS,-0.004465297275996261
2004-08-01,Leading Index,99.8,index,ECOS,-0.0034885512497452864
2004-08-01,Leading–Coincident Spread,-0.2999999999999971,index,ECOS,-0.22500000000000325
2004-09-01,KOSPI,835.0900268554688,index,ECOS,0.06600598135563351
2004-09-01,Coincident Index,99.9,index,ECOS,-0.0029890507502447483
2004-09-01,Leading Index,99.8,index,ECOS,-0.0014985014985015033
2004-09-01,Leading–Coincident Spread,-0.1000000000000085,index,ECOS,-0.4583333333333265
2004-10-01,KOSPI,834.8400268554688,index,ECOS,0.019462806824779855
2004-10-01,Coincident Index,99.9,index,ECOS,-0.0009990009990009652
2004-10-01,Leading Index,99.8,index,ECOS,0.0
2004-10-01,Leading–Coincident Spread,-0.1000000000000085,index,ECOS,-0.33333333333331755
2004-11-01,KOSPI,878.0599975585938,index,ECOS,0.02573549671977715
2004-11-01,Coincident Index,99.7,index,ECOS,-0.001001001001001034
2004-11-01,Leading Index,99.6,index,ECOS,-0.001002004008016033
2004-11-01,Leading–Coincident Spread,-0.1000000000000085,index,ECOS,0.0
2004-12-01,KOSPI,895.9199829101562,index,ECOS,0.03605532069291273
2004-12-01,Coincident Index,99.3,index,ECOS,-0.00300701905516354
2004-12-01,Leading Index,99.5,index,ECOS,-0.0015040120401444979
2004-12-01,Leading–Coincident Spread,0.2000000000000028,index,ECOS,-1.499999999999929
2005-01-01,KOSPI,932.7000122070312,index,ECOS,0.030696542538998894
2005-01-01,Coincident Index,99.1,index,ECOS,-0.00301306739958046
2005-01-01,Leading Index,99.3,index,ECOS,-0.001507033157756632
2005-01-01,Leading–Coincident Spread,0.2000000000000028,index,ECOS,-1.499999999999929
2005-02-01,KOSPI,1011.3599853515624,index,ECOS,0.06269428772387153
2005-02-01,Coincident Index,98.9,index,ECOS,-0.002016131081038486
2005-02-01,Leading Index,99.6,index,ECOS,0.0005055488924986529
2005-02-01,Leading–Coincident Spread,0.6999999999999886,index,ECOS,1.2499999999999472
2005-03-01,KOSPI,965.6799926757812,index,ECOS,0.01958443600610782
2005-03-01,Coincident Index,99.0,index,ECOS,-0.000503520562718629
2005-03-01,Leading Index,100.1,index,ECOS,0.004020614178769422
2005-03-01,Leading–Coincident Spread,1.0999999999999943,index,ECOS,1.5357142857142416
2005-04-01,KOSPI,911.2999877929688,index,ECOS,-0.0507397765099219
2005-04-01,Coincident Index,98.8,index,ECOS,-0.0005045398371991139
2005-04-01,Leading Index,100.2,index,ECOS,0.0030095406601431396
2005-04-01,Leading–Coincident Spread,1.4000000000000057,index,ECOS,0.4220779220779367
2005-05-01,KOSPI,970.2100219726562,index,ECOS,0.004165649010788863
2005-05-01,Coincident Index,98.8,index,ECOS,-0.0010101010101010166
2005-05-01,Leading Index,99.9,index,ECOS,-0.000997505488523398
2005-05-01,Leading–Coincident Spread,1.1000000000000083,index,ECOS,0.029220779220786475
2005-06-01,KOSPI,1008.1599731445312,index,ECOS,0.05187957276837918
2005-06-01,Coincident Index,98.7,index,ECOS,-0.0005060728744938903
2005-06-01,Leading Index,99.5,index,ECOS,-0.0034990079900259485
2005-06-01,Leading–Coincident Spread,0.7999999999999972,index,ECOS,-0.24350649350649617
2005-07-01,KOSPI,1111.2900390625,index,ECOS,0.0707052652899125
2005-07-01,Coincident Index,98.6,index,ECOS,-0.0010126584874625144
2005-07-01,Leading Index,99.6,index,ECOS,-0.0014994894391879288
2005-07-01,Leading–Coincident Spread,1.0,index,ECOS,-0.011363636363638185
2005-08-01,KOSPI,1083.3299560546875,index,ECOS,0.03856765782128413
2005-08-01,Coincident Index,98.6,index,ECOS,-0.0005065856129686241
2005-08-01,Leading Index,99.8,index,ECOS,0.0015065286270711242
2005-08-01,Leading–Coincident Spread,1.2000000000000028,index,ECOS,0.22500000000000364
2005-09-01,KOSPI,1221.010009765625,index,ECOS,0.05096482674515501
2005-09-01,Coincident Index,98.5,index,ECOS,-0.000507099391480692
2005-09-01,Leading Index,99.9,index,ECOS,0.0015050180682650849
2005-09-01,Leading–Coincident Spread,1.4000000000000057,index,ECOS,0.1833333333333358
2005-10-01,KOSPI,1158.1099853515625,index,ECOS,0.037787463678521815
2005-10-01,Coincident Index,98.5,index,ECOS,-0.000507099391480692
2005-10-01,Leading Index,99.9,index,ECOS,0.0005010020040080443
2005-10-01,Leading–Coincident Spread,1.4000000000000057,index,ECOS,0.08333333333333437
2005-11-01,KOSPI,1297.43994140625,index,ECOS,0.0343966512810544
2005-11-01,Coincident Index,99.1,index,ECOS,0.003045685279187804
2005-11-01,Leading Index,100.1,index,ECOS,0.0010010010010009784
2005-11-01,Leading–Coincident Spread,1.0,index,ECOS,-0.1428571428571443
2005-12-01,KOSPI,1379.3699951171875,index,ECOS,0.09172776239321456
2005-12-01,Coincident Index,99.5,index,ECOS,0.005063848750428979
2005-12-01,Leading Index,100.5,index,ECOS,0.00299900299900302
2005-12-01,Leading–Coincident Spread,1.0,index,ECOS,-0.1428571428571443
2006-01-01,KOSPI,1399.8299560546875,index,ECOS,0.03899015162227837
2006-01-01,Coincident Index,99.8,index,ECOS,0.0035257011596834253
2006-01-01,Leading Index,100.9,index,ECOS,0.00398805174924588
2006-01-01,Leading–Coincident Spread,1.1000000000000083,index,ECOS,0.05000000000000415
2006-02-01,KOSPI,1371.5899658203125,index,ECOS,-0.0026705208506935807
2006-02-01,Coincident Index,99.7,index,ECOS,0.0010065356844342621
2006-02-01,Leading Index,101.0,index,ECOS,0.0024855898899950324
2006-02-01,Leading–Coincident Spread,1.2999999999999972,index,ECOS,0.14090909090908932
2006-03-01,KOSPI,1359.5999755859375,index,ECOS,-0.01445777218820582
2006-03-01,Coincident Index,99.9,index,ECOS,0.000502007023073292
2006-03-01,Leading Index,100.8,index,ECOS,-0.0004945588711497972
2006-03-01,Leading–Coincident Spread,0.8999999999999915,index,ECOS,-0.06293706293707119
2006-04-01,KOSPI,1419.72998046875,index,ECOS,0.017742287467718665
2006-04-01,Coincident Index,99.9,index,ECOS,0.0010030090270812808
2006-04-01,Leading Index,100.6,index,ECOS,-0.0019821625019644795
2006-04-01,Leading–Coincident Spread,0.6999999999999886,index,ECOS,-0.2649572649572701
2006-05-01,KOSPI,1317.699951171875,index,ECOS,-0.013819775760847752
2006-05-01,Coincident Index,100.0,index,ECOS,0.0005005005005004337
2006-05-01,Leading Index,100.5,index,ECOS,-0.0014890813847076023
2006-05-01,Leading–Coincident Spread,0.5,index,ECOS,-0.25396825396825085
2006-06-01,KOSPI,1295.1500244140625,index,ECOS,-0.044489447837187
2006-06-01,Coincident Index,99.8,index,ECOS,-0.0004994994994995672
2006-06-01,Leading Index,100.1,index,ECOS,-0.002487067643887897
2006-06-01,Leading–Coincident Spread,0.2999999999999971,index,ECOS,-0.34285714285714
2006-07-01,KOSPI,1297.8199462890625,index,ECOS,-0.007525809920444659
2006-07-01,Coincident Index,99.1,index,ECOS,-0.004507014028056144
2006-07-01,Leading Index,99.5,index,ECOS,-0.004987052748246734
2006-07-01,Leading–Coincident Spread,0.4000000000000057,index,ECOS,-0.03333333333332028
2006-08-01,KOSPI,1352.739990234375,index,ECOS,0.022189314460493992
2006-08-01,Coincident Index,99.0,index,ECOS,-0.004011554895866409
2006-08-01,Leading Index,99.0,index,ECOS,-0.005509565811073314
2006-08-01,Leading–Coincident Spread,0.0,index,ECOS,-0.3333333333333174
2006-09-01,KOSPI,1371.4100341796875,index,ECOS,0.028059401025527952
2006-09-01,Coincident Index,99.4,index,ECOS,0.0015156611523917674
2006-09-01,Leading Index,99.3,index,ECOS,-0.0009974112989188932
2006-09-01,Leading–Coincident Spread,-0.1000000000000085,index,ECOS,
2006-10-01,KOSPI,1364.550048828125,index,ECOS,0.0043997548894272875
2006-10-01,Coincident Index,100.3,index,ECOS,0.006547364998069183
2006-10-01,Leading Index,99.7,index,ECOS,0.0035292502059873776
2006-10-01,Leading–Coincident Spread,-0.5999999999999943,index,ECOS,
2006-11-01,KOSPI,1432.2099609375,index,ECOS,0.022290952764612848
2006-11-01,Coincident Index,100.8,index,ECOS,0.0070196854105690765
2006-11-01,Leading Index,100.0,index,ECOS,0.003518612231457774
2006-11-01,Leading–Coincident Spread,-0.7999999999999972,index,ECOS,2.666666666666387
2006-12-01,KOSPI,1434.4599609375,index,ECOS,0.02557752225165022
2006-12-01,Coincident Index,100.9,index,ECOS,0.002988554178733671
2006-12-01,Leading Index,99.9,index,ECOS,0.0010045135406219208
2006-12-01,Leading–Coincident Spread,-1.0,index,ECOS,0.29166666666667285
2007-01-01,KOSPI,1360.22998046875,index,ECOS,-0.025088342540635855
2007-01-01,Coincident Index,100.9,index,ECOS,0.0004960317460317443
2007-01-01,Leading Index,100.0,index,ECOS,5.005005004887764e-07
2007-01-01,Leading–Coincident Spread,-0.9000000000000057,index,ECOS,0.07500000000000506
2007-02-01,KOSPI,1417.3399658203125,index,ECOS,-0.004881073697382554
2007-02-01,Coincident Index,101.0,index,ECOS,0.0004955401387511937
2007-02-01,Leading Index,100.2,index,ECOS,0.0015005005005004346
2007-02-01,Leading–Coincident Spread,-0.7999999999999972,index,ECOS,-0.10555555555555712
2007-03-01,KOSPI,1452.550048828125,index,ECOS,0.033413952901939825
2007-03-01,Coincident Index,101.1,index,ECOS,0.0009905896437016892
2007-03-01,Leading Index,100.3,index,ECOS,0.0014990019960079426
2007-03-01,Leading–Coincident Spread,-0.7999999999999972,index,ECOS,-0.055555555555559966
2007-04-01,KOSPI,1542.239990234375,index,ECOS,0.04329445529415832
2007-04-01,Coincident Index,101.3,index,ECOS,0.001484169188432194
2007-04-01,Leading Index,100.4,index,ECOS,0.0009975064825483715
2007-04-01,Leading–Coincident Spread,-0.8999999999999915,index,ECOS,0.06249999999999667
2007-05-01,KOSPI,1700.9100341796875,index,ECOS,0.08231469506035416
2007-05-01,Coincident Index,101.4,index,ECOS,0.0014827030990789414
2007-05-01,Leading Index,100.6,index,ECOS,0.001494520422795298
2007-05-01,Leading–Coincident Spread,-0.8000000000000114,index,ECOS,0.006944444444451636
2007-06-01,KOSPI,1743.5999755859375,index,ECOS,0.06399057185266077
2007-06-01,Coincident Index,101.3,index,ECOS,4.867686543841288e-07
2007-06-01,Leading Index,101.0,index,ECOS,0.0029840875068314343
2007-06-01,Leading–Coincident Spread,-0.2999999999999971,index,ECOS,-0.3680555555555495
2007-07-01,KOSPI,1933.27001953125,index,ECOS,0.06693950256738901
2007-07-01,Coincident Index,101.4,index,ECOS,4.867686543841288e-07
2007-07-01,Leading Index,101.4,index,ECOS,0.003968269590378548
2007-07-01,Leading–Coincident Spread,0.0,index,ECOS,-0.8125000000000044
2007-08-01,KOSPI,1873.239990234375,index,ECOS,0.03886483917056471
2007-08-01,Coincident Index,101.5,index,ECOS,0.0009866800625399907
2007-08-01,Leading Index,101.5,index,ECOS,0.0024732946667447298
2007-08-01,Leading–Coincident Spread,0.0,index,ECOS,
2007-09-01,KOSPI,1946.47998046875,index,ECOS,0.004023498157863847
2007-09-01,Coincident Index,101.3,index,ECOS,-0.0004921250279341094
2007-09-01,Leading Index,101.5,index,ECOS,0.0004930966469427478
2007-09-01,Leading–Coincident Spread,0.2000000000000028,index,ECOS,
2007-10-01,KOSPI,2064.85009765625,index,ECOS,0.049955213664509945
2007-10-01,Coincident Index,101.6,index,ECOS,0.0004955285719148717
2007-10-01,Leading Index,101.4,index,ECOS,-0.0004926108374384008
2007-10-01,Leading–Coincident Spread,-0.1999999999999886,index,ECOS,
2007-11-01,KOSPI,1906.0,index,ECOS,-0.0080590861564927
2007-11-01,Coincident Index,101.8,index,ECOS,0.002465002215295664
2007-11-01,Leading Index,101.5,index,ECOS,4.858095043469568e-07
2007-11-01,Leading–Coincident Spread,-0.2999999999999971,index,ECOS,-0.749999999999929
2007-12-01,KOSPI,1897.1300048828125,index,ECOS,-0.04079214690715888
2007-12-01,Coincident Index,102.2,index,ECOS,0.002948888510743597
2007-12-01,Leading Index,101.5,index,ECOS,0.0004930966469427478
2007-12-01,Leading–Coincident Spread,-0.7000000000000028,index,ECOS,0.9166666666667183
2008-01-01,KOSPI,1624.6800537109375,index,ECOS,-0.07413268122614397
2008-01-01,Coincident Index,102.5,index,ECOS,0.003432346914059581
2008-01-01,Leading Index,101.1,index,ECOS,-0.0019704433497537144
2008-01-01,Leading–Coincident Spread,-1.4000000000000057,index,ECOS,1.1666666666666827
2008-02-01,KOSPI,1711.6199951171875,index,ECOS,-0.04504980077251469
2008-02-01,Coincident Index,102.5,index,ECOS,0.0014677103718199191
2008-02-01,Leading Index,100.6,index,ECOS,-0.0044432425584579605
2008-02-01,Leading–Coincident Spread,-1.9000000000000057,index,ECOS,0.6785714285714278
2008-03-01,KOSPI,1703.989990234375,index,ECOS,0.024527135183378346
2008-03-01,Coincident Index,102.4,index,ECOS,-0.0004878048780487254
2008-03-01,Leading Index,100.2,index,ECOS,-0.004460870779280757
2008-03-01,Leading–Coincident Spread,-2.200000000000003,index,ECOS,0.2575187969924795
2008-04-01,KOSPI,1825.469970703125,index,ECOS,0.033416859556217204
2008-04-01,Coincident Index,102.0,index,ECOS,-0.0024409298780487254
2008-04-01,Leading Index,100.0,index,ECOS,-0.002986075562592505
2008-04-01,Leading–Coincident Spread,-2.0,index,ECOS,0.03349282296650563
2008-05-01,KOSPI,1852.02001953125,index,ECOS,0.04291785684685823
2008-05-01,Coincident Index,101.8,index,ECOS,-0.0029335171568627416
2008-05-01,Leading Index,99.7,index,ECOS,-0.0024980039920159958
2008-05-01,Leading–Coincident Spread,-2.0999999999999943,index,ECOS,-0.020454545454547446
2008-06-01,KOSPI,1674.9200439453125,index,ECOS,-0.040540538236337686
2008-06-01,Coincident Index,101.2,index,ECOS,-0.003927346970222234
2008-06-01,Leading Index,99.3,index,ECOS,-0.0035060180541625074
2008-06-01,Leading–Coincident Spread,-1.9000000000000057,index,ECOS,-0.022619047619046484
2008-07-01,KOSPI,1594.6700439453125,index,ECOS,-0.07176901895196247
2008-07-01,Coincident Index,100.9,index,ECOS,-0.004429168252094662
2008-07-01,Leading Index,98.9,index,ECOS,-0.004020116744998303
2008-07-01,Leading–Coincident Spread,-2.0,index,ECOS,-0.021303258145362436
2008-08-01,KOSPI,1474.239990234375,index,ECOS,-0.06171654678178767
2008-08-01,Coincident Index,100.7,index,ECOS,-0.002473293716237668
2008-08-01,Leading Index,98.5,index,ECOS,-0.004036343382443519
2008-08-01,Leading–Coincident Spread,-2.200000000000003,index,ECOS,0.07631578947368334
2008-09-01,KOSPI,1448.06005859375,index,ECOS,-0.04663930751071105
2008-09-01,Coincident Index,100.6,index,ECOS,-0.0014876046071947147
2008-09-01,Leading Index,98.3,index,ECOS,-0.003037473118003675
2008-09-01,Leading–Coincident Spread,-2.299999999999997,index,ECOS,0.07272727272727209
2008-10-01,KOSPI,1113.06005859375,index,ECOS,-0.12455112602653773
2008-10-01,Coincident Index,100.3,index,ECOS,-0.001987578007624613
2008-10-01,Leading Index,97.9,index,ECOS,-0.003049816422326712
2008-10-01,Leading–Coincident Spread,-2.3999999999999915,index,ECOS,0.04446640316205275
2008-11-01,KOSPI,1076.0699462890625,index,ECOS,-0.13228840234820616
2008-11-01,Coincident Index,99.6,index,ECOS,-0.004980585083715072
2008-11-01,Leading Index,97.4,index,ECOS,-0.004588214145062552
2008-11-01,Leading–Coincident Spread,-2.1999999999999886,index,ECOS,-0.019927536231886034
2008-12-01,KOSPI,1124.469970703125,index,ECOS,0.005872851244075439
2008-12-01,Coincident Index,98.5,index,ECOS,-0.009011619759196288
2008-12-01,Leading Index,97.2,index,ECOS,-0.003580320194306319
2008-12-01,Leading–Coincident Spread,-1.2999999999999972,index,ECOS,-0.24621212121212105
2009-01-01,KOSPI,1162.1099853515625,index,ECOS,0.03922603644997813
2009-01-01,Coincident Index,97.7,index,ECOS,-0.00958300205899737
2009-01-01,Leading Index,97.0,index,ECOS,-0.0020555006295366884
2009-01-01,Leading–Coincident Spread,-0.7000000000000028,index,ECOS,-0.4353146853146827
2009-02-01,KOSPI,1063.030029296875,index,ECOS,-0.025892556135819977
2009-02-01,Coincident Index,97.6,index,ECOS,-0.004572684432298246
2009-02-01,Leading Index,97.5,index,ECOS,0.0015485130032666938
2009-02-01,Leading–Coincident Spread,-0.0999999999999943,index,ECOS,-0.659340659340662
2009-03-01,KOSPI,1206.260009765625,index,ECOS,0.024739399927013017
2009-03-01,Coincident Index,97.6,index,ECOS,-0.0005117707267144889
2009-03-01,Leading Index,97.9,index,ECOS,0.00462860163891099
2009-03-01,Leading–Coincident Spread,0.3000000000000113,index,ECOS,-2.428571428571575
2009-04-01,KOSPI,1369.3599853515625,index,ECOS,0.13497438326947098
2009-04-01,Coincident Index,97.8,index,ECOS,0.0010245901639344135
2009-04-01,Leading Index,99.1,index,ECOS,0.008179984809198348
2009-04-01,Leading–Coincident Spread,1.2999999999999972,index,ECOS,-0.33333333333356174
2009-05-01,KOSPI,1395.8900146484375,index,ECOS,0.07729266435802606
2009-05-01,Coincident Index,97.8,index,ECOS,0.0010245901639344135
2009-05-01,Leading Index,99.7,index,ECOS,0.009155947964778033
2009-05-01,Leading–Coincident Spread,1.9000000000000057,index,ECOS,1.8974358974358148
2009-06-01,KOSPI,1390.0699462890625,index,ECOS,0.00760230191868716
2009-06-01,Coincident Index,98.4,index,ECOS,0.0030674846625767804
2009-06-01,Leading Index,100.5,index,ECOS,0.007039281315186829
2009-06-01,Leading–Coincident Spread,2.0999999999999943,index,ECOS,0.28340080971659976
2009-07-01,KOSPI,1557.2900390625,index,ECOS,0.05806336984109817
2009-07-01,Coincident Index,98.6,index,ECOS,0.00408374482517837
2009-07-01,Leading Index,100.6,index,ECOS,0.004509548546135944
2009-07-01,Leading–Coincident Spread,2.0,index,ECOS,0.02882205513784275
2009-08-01,KOSPI,1591.8499755859375,index,ECOS,0.07124426430003061
2009-08-01,Coincident Index,98.7,index,ECOS,0.0015233595540823375
2009-08-01,Leading Index,100.8,index,ECOS,0.0014915482230992705
2009-08-01,Leading–Coincident Spread,2.0999999999999943,index,ECOS,0.0011904761904760752
2009-09-01,KOSPI,1673.1400146484375,index,ECOS,0.036629375828199806
2009-09-01,Coincident Index,98.9,index,ECOS,0.0015202706174179959
2009-09-01,Leading Index,101.0,index,ECOS,0.001986099277351827
2009-09-01,Leading–Coincident Spread,2.0999999999999943,index,ECOS,0.02499999999999858
2009-10-01,KOSPI,1580.68994140625,index,ECOS,-0.0020945183616369323
2009-10-01,Coincident Index,99.1,index,ECOS,0.0020242935717410537
2009-10-01,Leading Index,101.5,index,ECOS,0.003467311016815966
2009-10-01,Leading–Coincident Spread,2.4000000000000057,index,ECOS,0.07142857142857428
2009-11-01,KOSPI,1555.5999755859375,index,ECOS,-0.035564112682915594
2009-11-01,Coincident Index,99.2,index,ECOS,0.0015156632136141823
2009-11-01,Leading Index,102.1,index,ECOS,0.0054309125493829935
2009-11-01,Leading–Coincident Spread,2.8999999999999915,index,ECOS,0.1755952380952377
2009-12-01,KOSPI,1682.77001953125,index,ECOS,0.0329385213397721
2009-12-01,Coincident Index,99.1,index,ECOS,5.08609745819566e-07
2009-12-01,Leading Index,102.4,index,ECOS,0.004424812918851884
2009-12-01,Leading–Coincident Spread,3.300000000000012,index,ECOS,0.1731321839080464
2010-01-01,KOSPI,1602.4300537109375,index,ECOS,0.017003573805112637
2010-01-01,Coincident Index,99.3,index,ECOS,0.0005050494775560854
2010-01-01,Leading Index,102.6,index,ECOS,0.0024457103942212566
2010-01-01,Leading–Coincident Spread,3.299999999999997,index,ECOS,0.06896551724138078
2010-02-01,KOSPI,1594.5799560546875,index,ECOS,-0.026320779890856127
2010-02-01,Coincident Index,99.8,index,ECOS,0.003526705099165417
2010-02-01,Leading Index,102.4,index,ECOS,1.9036306042052864e-06
2010-02-01,Leading–Coincident Spread,2.6000000000000085,index,ECOS,-0.10606060606060663
2010-03-01,KOSPI,1692.8499755859375,index,ECOS,0.028364328218541512
2010-03-01,Coincident Index,100.2,index,ECOS,0.00452163137957684
2010-03-01,Leading Index,102.1,index,ECOS,-0.002439502619395739
2010-03-01,Leading–Coincident Spread,1.899999999999992,index,ECOS,-0.24067599067599177
2010-04-01,KOSPI,1741.56005859375,index,ECOS,0.04520076883439694
2010-04-01,Coincident Index,100.4,index,ECOS,0.0030020120080480606
2010-04-01,Leading Index,101.9,index,ECOS,-0.0024442756794809117
2010-04-01,Leading–Coincident Spread,1.5,index,ECOS,-0.23987854251012253
2010-05-01,KOSPI,1641.25,index,ECOS,-0.014411903539384818
2010-05-01,Coincident Index,100.8,index,ECOS,0.002990035864525953
2010-05-01,Leading Index,102.0,index,ECOS,-0.000488754795035351
2010-05-01,Leading–Coincident Spread,1.2000000000000028,index,ECOS,-0.2052631578947342
2010-06-01,KOSPI,1698.2900390625,index,ECOS,-0.011421897661220148
2010-06-01,Coincident Index,100.9,index,ECOS,0.0024880636185417027
2010-06-01,Leading Index,102.0,index,ECOS,0.0004906771344455052
2010-06-01,Leading–Coincident Spread,1.0999999999999943,index,ECOS,-0.14166666666666916
2010-07-01,KOSPI,1759.3299560546875,index,ECOS,0.03534800419286366
2010-07-01,Coincident Index,101.1,index,ECOS,0.0014871120235341317
2010-07-01,Leading Index,101.9,index,ECOS,-0.0004901960784313708
2010-07-01,Leading–Coincident Spread,0.8000000000000114,index,ECOS,-0.17803030303029943
2010-08-01,KOSPI,1742.75,index,ECOS,0.013258984372300109
2010-08-01,Coincident Index,100.7,index,ECOS,-0.0009871590894609539
2010-08-01,Leading Index,101.7,index,ECOS,-0.0014715503473224367
2010-08-01,Leading–Coincident Spread,1.0,index,ECOS,-0.011363636363638185
2010-09-01,KOSPI,1872.81005859375,index,ECOS,0.032602597140385714
2010-09-01,Coincident Index,100.3,index,ECOS,-0.003964336685731984
2010-09-01,Leading Index,101.4,index,ECOS,-0.002456280522578347
2010-09-01,Leading–Coincident Spread,1.1000000000000083,index,ECOS,0.17499999999999527
2010-10-01,KOSPI,1882.949951171875,index,ECOS,0.04002173902348305
2010-10-01,Coincident Index,99.8,index,ECOS,-0.004478619751470514
2010-10-01,Leading Index,100.9,index,ECOS,-0.0039404094884012975
2010-10-01,Leading–Coincident Spread,1.1000000000000083,index,ECOS,0.05000000000000415
2010-11-01,KOSPI,1904.6300048828125,index,ECOS,0.008464071588555333
2010-11-01,Coincident Index,99.9,index,ECOS,-0.001991520428693827
2010-11-01,Leading Index,100.9,index,ECOS,-0.0024654832347140165
2010-11-01,Leading–Coincident Spread,1.0,index,ECOS,-0.04545454545454891
2010-12-01,KOSPI,2051.0,index,ECOS,0.044181722923497424
2010-12-01,Coincident Index,100.2,index,ECOS,0.0020025035055095675
2010-12-01,Leading Index,100.7,index,ECOS,-0.0009910802775024985
2010-12-01,Leading–Coincident Spread,0.5,index,ECOS,-0.2954545454545489
2011-01-01,KOSPI,2069.72998046875,index,ECOS,0.042990845108676345
2011-01-01,Coincident Index,100.9,index,ECOS,0.004994515473557448
2011-01-01,Leading Index,101.1,index,ECOS,0.000995017041266033
2011-01-01,Leading–Coincident Spread,0.1999999999999886,index,ECOS,-0.5500000000000114
2011-02-01,KOSPI,1939.300048828125,index,ECOS,-0.02694286399038598
2011-02-01,Coincident Index,100.7,index,ECOS,0.0025019336945534265
2011-02-01,Leading Index,101.1,index,ECOS,0.0019860973187685316
2011-02-01,Leading–Coincident Spread,0.3999999999999915,index,ECOS,0.20000000000002438
2011-03-01,KOSPI,2106.699951171875,index,ECOS,0.011650952229921352
2011-03-01,Coincident Index,100.9,index,ECOS,1.9683818818228005e-06
2011-03-01,Leading Index,101.1,index,ECOS,0.0
2011-03-01,Leading–Coincident Spread,0.1999999999999886,index,ECOS,0.25000000000002687
2011-04-01,KOSPI,2192.360107421875,index,ECOS,0.06349028886755848
2011-04-01,Coincident Index,100.4,index,ECOS,-0.0014846520343718694
2011-04-01,Leading Index,100.9,index,ECOS,-0.000989119683481643
2011-04-01,Leading–Coincident Spread,0.5,index,ECOS,0.5000000000000624
2011-05-01,KOSPI,2142.469970703125,index,ECOS,0.008952231877475458
2011-05-01,Coincident Index,100.9,index,ECOS,1.2339146881257257e-05
2011-05-01,Leading Index,100.8,index,ECOS,-0.0014846598222329477
2011-05-01,Leading–Coincident Spread,-0.1000000000000085,index,ECOS,0.15000000000006275
2011-06-01,KOSPI,2100.68994140625,index,ECOS,-0.02112861541172878
2011-06-01,Coincident Index,101.0,index,ECOS,0.0029855799793886417
2011-06-01,Leading Index,100.7,index,ECOS,-0.000991571884783049
2011-06-01,Leading–Coincident Spread,-0.2999999999999971,index,ECOS,0.3999999999998496
2011-07-01,KOSPI,2133.2099609375,index,ECOS,-0.002010116453009303
2011-07-01,Coincident Index,101.0,index,ECOS,0.0004955401387511937
2011-07-01,Leading Index,100.6,index,ECOS,-0.0009925560757239604
2011-07-01,Leading–Coincident Spread,-0.4000000000000057,index,ECOS,1.1666666666665408
2011-08-01,KOSPI,1880.1099853515625,index,ECOS,-0.051583418756249055
2011-08-01,Coincident Index,101.2,index,ECOS,0.000990099009900991
2011-08-01,Leading Index,100.4,index,ECOS,-0.0014905601149804437
2011-08-01,Leading–Coincident Spread,-0.7999999999999972,index,ECOS,0.6666666666666649
2011-09-01,KOSPI,1769.6500244140625,index,ECOS,-0.08869966812772323
2011-09-01,Coincident Index,100.8,index,ECOS,-0.0009861855750792903
2011-09-01,Leading Index,100.1,index,ECOS,-0.002488059689670752
2011-09-01,Leading–Coincident Spread,-0.7000000000000028,index,ECOS,0.43749999999998557
2011-10-01,KOSPI,1909.030029296875,index,ECOS,0.010004738720129414
2011-10-01,Coincident Index,101.0,index,ECOS,-0.0009842210929167927
2011-10-01,Leading Index,100.0,index,ECOS,-0.001993524403883007
2011-10-01,Leading–Coincident Spread,-1.0,index,ECOS,0.15178571428571475
2011-11-01,KOSPI,1847.510009765625,index,ECOS,0.0232677694313983
2011-11-01,Coincident Index,100.7,index,ECOS,-0.0004930850227879979
2011-11-01,Leading Index,99.8,index,ECOS,-0.0014995004995004835
2011-11-01,Leading–Coincident Spread,-0.9000000000000057,index,ECOS,0.16428571428571426
2011-12-01,KOSPI,1825.739990234375,index,ECOS,-0.02200461886533206
2011-12-01,Coincident Index,100.6,index,ECOS,-0.0019816728445437026
2011-12-01,Leading Index,99.7,index,ECOS,-0.0015010020040079897
2011-12-01,Leading–Coincident Spread,-0.8999999999999915,index,ECOS,-0.05000000000000504
2012-01-01,KOSPI,1955.7900390625,index,ECOS,0.02972399014957633
2012-01-01,Coincident Index,100.2,index,ECOS,-0.002484595900268727
2012-01-01,Leading Index,99.8,index,ECOS,5.025095325961182e-07
2012-01-01,Leading–Coincident Spread,-0.4000000000000057,index,ECOS,-0.2777777777777804
2012-02-01,KOSPI,2030.25,index,ECOS,0.054651484800312566
2012-02-01,Coincident Index,100.7,index,ECOS,0.00050693840946342
2012-02-01,Leading Index,100.2,index,ECOS,0.002505512529572651
2012-02-01,Leading–Coincident Spread,-0.5,index,ECOS,-0.1527777777777814
2012-03-01,KOSPI,2014.0400390625,index,ECOS,0.015043666107056597
2012-03-01,Coincident Index,100.5,index,ECOS,0.0015019613206556093
2012-03-01,Leading Index,100.4,index,ECOS,0.0030020120080480606
2012-03-01,Leading–Coincident Spread,-0.0999999999999943,index,ECOS,-0.27500000000001457
2012-04-01,KOSPI,1981.989990234375,index,ECOS,-0.01194876590125421
2012-04-01,Coincident Index,100.6,index,ECOS,-0.0004955362215733894
2012-04-01,Leading Index,100.5,index,ECOS,0.001496011960143484
2012-04-01,Leading–Coincident Spread,-0.0999999999999943,index,ECOS,-0.4000000000000057
2012-05-01,KOSPI,1843.469970703125,index,ECOS,-0.04290133823830877
2012-05-01,Coincident Index,100.6,index,ECOS,0.0004975124378109319
2012-05-01,Leading Index,100.2,index,ECOS,-0.0009945293453053061
2012-05-01,Leading–Coincident Spread,-0.3999999999999915,index,ECOS,1.5000000000000715
2012-06-01,KOSPI,1854.010009765625,index,ECOS,-0.03208593204833343
2012-06-01,Coincident Index,100.6,index,ECOS,0.0
2012-06-01,Leading Index,100.3,index,ECOS,-0.000993535317424854
2012-06-01,Leading–Coincident Spread,-0.2999999999999971,index,ECOS,1.375000000000076
2012-07-01,KOSPI,1881.989990234375,index,ECOS,0.010404550676249236
2012-07-01,Coincident Index,100.8,index,ECOS,0.0009940357852883386
2012-07-01,Leading Index,100.0,index,ECOS,-0.000996511463613181
2012-07-01,Leading–Coincident Spread,-0.7999999999999972,index,ECOS,0.7083333333333459
2012-08-01,KOSPI,1905.1199951171875,index,ECOS,0.013690893240017377
2012-08-01,Coincident Index,100.2,index,ECOS,-0.001982154690902127
2012-08-01,Leading Index,99.7,index,ECOS,-0.002995513459621124
2012-08-01,Leading–Coincident Spread,-0.5,index,ECOS,0.6458333333333426
2012-09-01,KOSPI,1996.2099609375,index,ECOS,0.03005171407375873
2012-09-01,Coincident Index,100.1,index,ECOS,-0.0034751924721985183
2012-09-01,Leading Index,99.4,index,ECOS,-0.003004513540621867
2012-09-01,Leading–Coincident Spread,-0.6999999999999886,index,ECOS,0.012499999999989742
2012-10-01,KOSPI,1912.06005859375,index,ECOS,0.0028292039400917846
2012-10-01,Coincident Index,99.8,index,ECOS,-0.001997503494509556
2012-10-01,Leading Index,99.3,index,ECOS,-0.0020075316492738082
2012-10-01,Leading–Coincident Spread,-0.5,index,ECOS,0.057142857142851555
2012-11-01,KOSPI,1932.9000244140625,index,ECOS,-0.015627807027270957
2012-11-01,Coincident Index,100.0,index,ECOS,-0.0004964974904854147
2012-11-01,Leading Index,99.3,index,ECOS,-0.0005030181086519425
2012-11-01,Leading–Coincident Spread,-0.7000000000000028,index,ECOS,0.057142857142865766
2012-12-01,KOSPI,1997.050048828125,index,ECOS,0.022043853421929716
2012-12-01,Coincident Index,100.1,index,ECOS,0.0015020040080160335
2012-12-01,Leading Index,99.4,index,ECOS,0.000503524672708977
2012-12-01,Leading–Coincident Spread,-0.6999999999999886,index,ECOS,0.19999999999999268
2013-01-01,KOSPI,1961.93994140625,index,ECOS,0.007803750127577613
2013-01-01,Coincident Index,100.1,index,ECOS,0.0004999999999999449
2013-01-01,Leading Index,99.4,index,ECOS,0.000503524672708977
2013-01-01,Leading–Coincident Spread,-0.6999999999999886,index,ECOS,-1.0158540675320182e-14
2013-02-01,KOSPI,2026.489990234375,index,ECOS,0.007660074361116043
2013-02-01,Coincident Index,100.1,index,ECOS,0.0
2013-02-01,Leading Index,99.4,index,ECOS,0.0
2013-02-01,Leading–Coincident Spread,-0.6999999999999886,index,ECOS,0.0
2013-03-01,KOSPI,2004.8900146484373,index,ECOS,0.011121161037763172
2013-03-01,Coincident Index,99.8,index,ECOS,-0.0014985014985015033
2013-03-01,Leading Index,99.4,index,ECOS,0.0
2013-03-01,Leading–Coincident Spread,-0.3999999999999915,index,ECOS,-0.21428571428571574
2013-04-01,KOSPI,1963.949951171875,index,ECOS,-0.015539458157510844
2013-04-01,Coincident Index,99.8,index,ECOS,-0.0014985014985015033
2013-04-01,Leading Index,99.4,index,ECOS,0.0
2013-04-01,Leading–Coincident Spread,-0.3999999999999915,index,ECOS,-0.21428571428571574
2013-05-01,KOSPI,2001.050048828125,index,ECOS,-0.0007647764768188847
2013-05-01,Coincident Index,99.7,index,ECOS,-0.0005010020040079888
2013-05-01,Leading Index,99.5,index,ECOS,0.0005030181086518315
2013-05-01,Leading–Coincident Spread,-0.2000000000000028,index,ECOS,-0.24999999999999117
2013-06-01,KOSPI,1863.3199462890625,index,ECOS,-0.024969181464665313
2013-06-01,Coincident Index,100.0,index,ECOS,0.001003511536613877
2013-06-01,Leading Index,99.6,index,ECOS,0.0010055306714659151
2013-06-01,Leading–Coincident Spread,-0.4000000000000057,index,ECOS,0.25000000000000905
2013-07-01,KOSPI,1914.030029296875,index,ECOS,-0.020807002642370342
2013-07-01,Coincident Index,99.9,index,ECOS,0.0010045135406219208
2013-07-01,Leading Index,99.8,index,ECOS,0.0015065286270711242
2013-07-01,Leading–Coincident Spread,-0.1000000000000085,index,ECOS,0.1250000000000091
2013-08-01,KOSPI,1926.3599853515625,index,ECOS,0.01682839568272343
2013-08-01,Coincident Index,99.9,index,ECOS,-0.0004999999999999449
2013-08-01,Leading Index,99.8,index,ECOS,0.0010040160642570406
2013-08-01,Leading–Coincident Spread,-0.1000000000000085,index,ECOS,-0.3749999999999911
2013-09-01,KOSPI,1996.9599609375,index,ECOS,0.021545650967832453
2013-09-01,Coincident Index,99.7,index,ECOS,-0.001001001001001034
2013-09-01,Leading Index,99.7,index,ECOS,-0.0005010020040079888
2013-09-01,Leading–Coincident Spread,0.0,index,ECOS,-0.5
2013-10-01,KOSPI,2030.0899658203125,index,ECOS,0.026619819797115918
2013-10-01,Coincident Index,100.0,index,ECOS,0.0005035125396208318
2013-10-01,Leading Index,99.7,index,ECOS,-0.0005010020040079888
2013-10-01,Leading–Coincident Spread,-0.2999999999999971,index,ECOS,
2013-11-01,KOSPI,2044.8699951171875,index,ECOS,0.011935349925831784
2013-11-01,Coincident Index,100.0,index,ECOS,0.0015045135406218657
2013-11-01,Leading Index,99.8,index,ECOS,0.0005015045135405849
2013-11-01,Leading–Coincident Spread,-0.2000000000000028,index,ECOS,
2013-12-01,KOSPI,2011.3399658203125,index,ECOS,-0.004558332397054443
2013-12-01,Coincident Index,100.2,index,ECOS,0.0010000000000000009
2013-12-01,Leading Index,99.9,index,ECOS,0.0010025065175486292
2013-12-01,Leading–Coincident Spread,-0.2999999999999971,index,ECOS,0.08333333333332354
2014-01-01,KOSPI,1941.1500244140625,index,ECOS,-0.025647124730931836
2014-01-01,Coincident Index,100.4,index,ECOS,0.0019980039920159953
2014-01-01,Leading Index,99.8,index,ECOS,5.015035074995566e-07
2014-01-01,Leading–Coincident Spread,-0.6000000000000085,index,ECOS,0.7500000000000063
2014-02-01,KOSPI,1979.989990234375,index,ECOS,-0.007444182440101033
2014-02-01,Coincident Index,100.4,index,ECOS,0.0009980039920159944
2014-02-01,Leading Index,99.8,index,ECOS,-0.0005005005005005447
2014-02-01,Leading–Coincident Spread,-0.6000000000000085,index,ECOS,0.500000000000024
2014-03-01,KOSPI,1985.6099853515625,index,ECOS,0.011423567778609423
2014-03-01,Coincident Index,100.6,index,ECOS,0.0009960159362548682
2014-03-01,Leading Index,99.7,index,ECOS,-0.0005010020040079888
2014-03-01,Leading–Coincident Spread,-0.8999999999999915,index,ECOS,0.24999999999998224
2014-04-01,KOSPI,1961.7900390625,index,ECOS,-0.004578945396106815
2014-04-01,Coincident Index,100.4,index,ECOS,1.9801509666406147e-06
2014-04-01,Leading Index,99.6,index,ECOS,-0.0010025065175486292
2014-04-01,Leading–Coincident Spread,-0.8000000000000114,index,ECOS,0.1944444444444372
2014-05-01,KOSPI,1994.9599609375,index,ECOS,0.0024558505993257373
2014-05-01,Coincident Index,100.1,index,ECOS,-0.002488059689670752
2014-05-01,Leading Index,99.5,index,ECOS,-0.0010035125456691052
2014-05-01,Leading–Coincident Spread,-0.5999999999999943,index,ECOS,-0.18055555555555391
2014-06-01,KOSPI,2002.2099609375,index,ECOS,0.010271072931014924
2014-06-01,Coincident Index,100.0,index,ECOS,-0.001993524403883007
2014-06-01,Leading Index,99.5,index,ECOS,-0.0005020080321284648
2014-06-01,Leading–Coincident Spread,-0.5,index,ECOS,-0.20833333333333826
2014-07-01,KOSPI,2076.1201171875,index,ECOS,0.02027422335332152
2014-07-01,Coincident Index,100.0,index,ECOS,-0.0004995004995004826
2014-07-01,Leading Index,99.4,index,ECOS,-0.0005025125628140281
2014-07-01,Leading–Coincident Spread,-0.5999999999999943,index,ECOS,0.016666666666664942
2014-08-01,KOSPI,2068.5400390625,index,ECOS,0.0166316048836489
2014-08-01,Coincident Index,100.1,index,ECOS,0.0004999999999999449
2014-08-01,Leading Index,99.5,index,ECOS,5.055458378033784e-07
2014-08-01,Leading–Coincident Spread,-0.5999999999999943,index,ECOS,0.09999999999999432
2014-09-01,KOSPI,2020.0899658203125,index,ECOS,-0.013536715472546867
2014-09-01,Coincident Index,99.8,index,ECOS,-0.0009985014985015583
2014-09-01,Leading Index,99.6,index,ECOS,0.0010055306714659151
2014-09-01,Leading–Coincident Spread,-0.2000000000000028,index,ECOS,-0.33333333333332943
2014-10-01,KOSPI,1964.4300537109373,index,ECOS,-0.025487768469836414
2014-10-01,Coincident Index,99.4,index,ECOS,-0.003502509514533514
2014-10-01,Leading Index,99.7,index,ECOS,0.001004520594942604
2014-10-01,Leading–Coincident Spread,0.2999999999999971,index,ECOS,-1.5833333333333117
2014-11-01,KOSPI,1980.780029296875,index,ECOS,-0.009615086220209734
2014-11-01,Coincident Index,99.2,index,ECOS,-0.00301004423333584
2014-11-01,Leading Index,99.8,index,ECOS,0.0010035125456691052
2014-11-01,Leading–Coincident Spread,0.5999999999999943,index,ECOS,-0.749999999999982
2014-12-01,KOSPI,1915.5899658203125,index,ECOS,-0.012294148295529717
2014-12-01,Coincident Index,99.5,index,ECOS,0.0005060605568896759
2014-12-01,Leading Index,99.8,index,ECOS,0.0005015045135405849
2014-12-01,Leading–Coincident Spread,0.2999999999999971,index,ECOS,0.25000000000000017
2015-01-01,KOSPI,1949.260009765625,index,ECOS,-0.007667227782773012
2015-01-01,Coincident Index,99.5,index,ECOS,0.0015120967741935054
2015-01-01,Leading Index,100.1,index,ECOS,0.0015030060120240218
2015-01-01,Leading–Coincident Spread,0.5999999999999943,index,ECOS,0.25000000000000017
2015-02-01,KOSPI,1985.800048828125,index,ECOS,0.018161224279591326
2015-02-01,Coincident Index,99.8,index,ECOS,0.0015075376884422509
2015-02-01,Leading Index,100.2,index,ECOS,0.00200250651152456
2015-02-01,Leading–Coincident Spread,0.4000000000000057,index,ECOS,0.3333333333333415
2015-03-01,KOSPI,2041.030029296875,index,ECOS,0.02327902659844605
2015-03-01,Coincident Index,99.4,index,ECOS,-0.0004964703275897597
2015-03-01,Leading Index,100.4,index,ECOS,0.0014975044915165325
2015-03-01,Leading–Coincident Spread,1.0,index,ECOS,0.5833333333333235
2015-04-01,KOSPI,2127.169921875,index,ECOS,0.03500829299621622
2015-04-01,Coincident Index,99.3,index,ECOS,-0.002507026124683953
2015-04-01,Leading Index,100.5,index,ECOS,0.001496011960143484
2015-04-01,Leading–Coincident Spread,1.2000000000000028,index,ECOS,0.8499999999999837
2015-05-01,KOSPI,2114.800048828125,index,ECOS,0.018194474683531914
2015-05-01,Coincident Index,98.8,index,ECOS,-0.0030206414721967723
2015-05-01,Leading Index,100.6,index,ECOS,0.0009955204059384215
2015-05-01,Leading–Coincident Spread,1.7999999999999972,index,ECOS,0.3499999999999984
2015-06-01,KOSPI,2074.199951171875,index,ECOS,-0.012506628631672734
2015-06-01,Coincident Index,98.7,index,ECOS,-0.00302369623803872
2015-06-01,Leading Index,100.5,index,ECOS,4.945451668181278e-07
2015-06-01,Leading–Coincident Spread,1.7999999999999972,index,ECOS,0.249999999999997
2015-07-01,KOSPI,2030.1600341796875,index,ECOS,-0.0202151607257659
2015-07-01,Coincident Index,98.6,index,ECOS,-0.0010126584874625144
2015-07-01,Leading Index,100.3,index,ECOS,-0.001492042768266033
2015-07-01,Leading–Coincident Spread,1.7000000000000028,index,ECOS,-0.027777777777776236
2015-08-01,KOSPI,1941.489990234375,index,ECOS,-0.032454312100571925
2015-08-01,Coincident Index,99.1,index,ECOS,0.0020289113444350027
2015-08-01,Leading Index,100.3,index,ECOS,-0.0009950248756219193
2015-08-01,Leading–Coincident Spread,1.2000000000000028,index,ECOS,-0.17483660130718776
2015-09-01,KOSPI,1962.81005859375,index,ECOS,-0.016347544733059716
2015-09-01,Coincident Index,99.7,index,ECOS,0.005562742164265444
2015-09-01,Leading Index,100.4,index,ECOS,0.0004985044865404298
2015-09-01,Leading–Coincident Spread,0.7000000000000028,index,ECOS,-0.35539215686274434
2015-10-01,KOSPI,2029.469970703125,index,ECOS,0.02247138024821016
2015-10-01,Coincident Index,100.2,index,ECOS,0.005534767774564964
2015-10-01,Leading Index,100.4,index,ECOS,0.0004985044865404298
2015-10-01,Leading–Coincident Spread,0.2000000000000028,index,ECOS,-0.5654761904761886
2015-11-01,KOSPI,1991.969970703125,index,ECOS,0.007741868830983156
2015-11-01,Coincident Index,100.0,index,ECOS,0.001509518575687152
2015-11-01,Leading Index,100.2,index,ECOS,-0.0009960159362549792
2015-11-01,Leading–Coincident Spread,0.2000000000000028,index,ECOS,-0.35714285714285576
2015-12-01,KOSPI,1961.31005859375,index,ECOS,-0.016934742539465586
2015-12-01,Coincident Index,99.9,index,ECOS,-0.0014980039920159394
2015-12-01,Leading Index,99.8,index,ECOS,-0.002992023920286968
2015-12-01,Leading–Coincident Spread,-0.1000000000000085,index,ECOS,-0.7500000000000178
2016-01-01,KOSPI,1912.06005859375,index,ECOS,-0.020251260613065314
2016-01-01,Coincident Index,99.6,index,ECOS,-0.0020015015015015236
2016-01-01,Leading Index,99.5,index,ECOS,-0.0034990139960560107
2016-01-01,Leading–Coincident Spread,-0.0999999999999943,index,ECOS,-0.7500000000000888
2016-02-01,KOSPI,1916.6600341796875,index,ECOS,-0.01135249882491468
2016-02-01,Coincident Index,99.5,index,ECOS,-0.0020035095336300435
2016-02-01,Leading Index,99.1,index,ECOS,-0.0035130562632803564
2016-02-01,Leading–Coincident Spread,-0.4000000000000057,index,ECOS,1.5000000000000715
2016-03-01,KOSPI,1995.8499755859373,index,ECOS,0.02186120177242934
2016-03-01,Coincident Index,99.3,index,ECOS,-0.001507033157756632
2016-03-01,Leading Index,99.2,index,ECOS,-0.0015055093834459576
2016-03-01,Leading–Coincident Spread,-0.0999999999999943,index,ECOS,1.1250000000001337
2016-04-01,KOSPI,1994.1500244140625,index,ECOS,0.02023244558936621
2016-04-01,Coincident Index,99.2,index,ECOS,-0.0015085497983370888
2016-04-01,Leading Index,99.2,index,ECOS,0.0005045408678103769
2016-04-01,Leading–Coincident Spread,0.0,index,ECOS,-0.8750000000000089
2016-05-01,KOSPI,1983.4000244140625,index,ECOS,-0.00312125544668701
2016-05-01,Coincident Index,99.5,index,ECOS,0.0010085721014845839
2016-05-01,Leading Index,99.3,index,ECOS,0.0005040322580645018
2016-05-01,Leading–Coincident Spread,-0.2000000000000028,index,ECOS,
2016-06-01,KOSPI,1970.3499755859373,index,ECOS,-0.005985201618591174
2016-06-01,Coincident Index,99.7,index,ECOS,0.0025171218998216727
2016-06-01,Leading Index,99.3,index,ECOS,0.0005040322580645018
2016-06-01,Leading–Coincident Spread,-0.4000000000000057,index,ECOS,
2016-07-01,KOSPI,2016.18994140625,index,ECOS,0.008342624904602525
2016-07-01,Coincident Index,99.9,index,ECOS,0.002008034152709448
2016-07-01,Leading Index,99.3,index,ECOS,0.0
2016-07-01,Leading–Coincident Spread,-0.6000000000000085,index,ECOS,0.7500000000000002
2016-08-01,KOSPI,2034.6500244140625,index,ECOS,0.01621040483940328
2016-08-01,Coincident Index,100.1,index,ECOS,0.0020040100280822593
2016-08-01,Leading Index,99.5,index,ECOS,0.001007049345417954
2016-08-01,Leading–Coincident Spread,-0.5999999999999943,index,ECOS,0.24999999999998818
2016-09-01,KOSPI,2043.6300048828125,index,ECOS,0.006784725204020292
2016-09-01,Coincident Index,99.9,index,ECOS,2.000002000013268e-06
2016-09-01,Leading Index,99.7,index,ECOS,0.0020120744710461214
2016-09-01,Leading–Coincident Spread,-0.2000000000000028,index,ECOS,-0.33333333333334125
2016-10-01,KOSPI,2008.18994140625,index,ECOS,-0.006464098092315684
2016-10-01,Coincident Index,99.8,index,ECOS,-0.00149950149950151
2016-10-01,Leading Index,99.9,index,ECOS,0.002008034152709448
2016-10-01,Leading–Coincident Spread,0.1000000000000085,index,ECOS,-1.0833333333333472
2016-11-01,KOSPI,1983.47998046875,index,ECOS,-0.014823157774319196
2016-11-01,Coincident Index,100.1,index,ECOS,0.0010025055115234771
2016-11-01,Leading Index,100.1,index,ECOS,0.0020040100280822593
2016-11-01,Leading–Coincident Spread,0.0,index,ECOS,-1.2500000000000178
2016-12-01,KOSPI,2026.4599609375,index,ECOS,0.004682191335266539
2016-12-01,Coincident Index,100.3,index,ECOS,0.002502007011024987
2016-12-01,Leading Index,100.3,index,ECOS,0.0020000020000019436
2016-12-01,Leading–Coincident Spread,0.0,index,ECOS,
2017-01-01,KOSPI,2067.570068359375,index,ECOS,0.020977818881920074
2017-01-01,Coincident Index,100.6,index,ECOS,0.0024945144586220325
2017-01-01,Leading Index,100.5,index,ECOS,0.0019960099720817137
2017-01-01,Leading–Coincident Spread,-0.0999999999999943,index,ECOS,
2017-02-01,KOSPI,2091.639892578125,index,ECOS,0.015964130910825047
2017-02-01,Coincident Index,100.7,index,ECOS,0.001992531352265292
2017-02-01,Leading Index,100.7,index,ECOS,0.0019920338487026124
2017-02-01,Leading–Coincident Spread,0.0,index,ECOS,
2017-03-01,KOSPI,2160.22998046875,index,ECOS,0.02221704694740534
2017-03-01,Coincident Index,100.8,index,ECOS,0.0009935422223363854
2017-03-01,Leading Index,100.9,index,ECOS,0.001988073535006185
2017-03-01,Leading–Coincident Spread,0.1000000000000085,index,ECOS,
2017-04-01,KOSPI,2205.43994140625,index,ECOS,0.026860401415313984
2017-04-01,Coincident Index,100.9,index,ECOS,0.000992556075723905
2017-04-01,Leading Index,101.2,index,ECOS,0.0024796690756380135
2017-04-01,Leading–Coincident Spread,0.2999999999999971,index,ECOS,
2017-05-01,KOSPI,2347.3798828125,index,ECOS,0.04264366189551805
2017-05-01,Coincident Index,101.0,index,ECOS,0.000991571884782938
2017-05-01,Leading Index,101.3,index,ECOS,0.001980691562498693
2017-05-01,Leading–Coincident Spread,0.2999999999999971,index,ECOS,0.9999999999998581
2017-06-01,KOSPI,2391.7900390625,index,ECOS,0.04163902354493809
2017-06-01,Coincident Index,101.0,index,ECOS,0.0004955401387511937
2017-06-01,Leading Index,101.5,index,ECOS,0.0014812379774394868
2017-06-01,Leading–Coincident Spread,0.5,index,ECOS,0.33333333333334136
2017-07-01,KOSPI,2402.7099609375,index,ECOS,0.011742308981191218
2017-07-01,Coincident Index,100.9,index,ECOS,-0.00049504950495044
2017-07-01,Leading Index,101.6,index,ECOS,0.0014797776686328312
2017-07-01,Leading–Coincident Spread,0.6999999999999886,index,ECOS,0.53333333333333
2017-08-01,KOSPI,2363.18994140625,index,ECOS,-0.0059412584714029215
2017-08-01,Coincident Index,101.0,index,ECOS,4.906338007537592e-07
2017-08-01,Leading Index,101.8,index,ECOS,0.0014768628059422806
2017-08-01,Leading–Coincident Spread,0.7999999999999972,index,ECOS,0.27142857142856736
2017-09-01,KOSPI,2394.469970703125,index,ECOS,-0.0016058719556062417
2017-09-01,Coincident Index,101.3,index,ECOS,0.00198068865360268
2017-09-01,Leading Index,101.8,index,ECOS,0.0009842519685039353
2017-09-01,Leading–Coincident Spread,0.5,index,ECOS,-0.11607142857142017
2017-10-01,KOSPI,2523.429931640625,index,ECOS,0.03354688634271008
2017-10-01,Coincident Index,101.1,index,ECOS,0.0004979816836570006
2017-10-01,Leading Index,101.8,index,ECOS,0.0
2017-10-01,Leading–Coincident Spread,0.7000000000000028,index,ECOS,0.012500000000003952
2017-11-01,KOSPI,2476.3701171875,index,ECOS,0.017604133841470415
2017-11-01,Coincident Index,101.3,index,ECOS,1.9528522872125365e-06
2017-11-01,Leading Index,101.6,index,ECOS,-0.0009823182711198308
2017-11-01,Leading–Coincident Spread,0.2999999999999971,index,ECOS,-0.0857142857142858
2017-12-01,KOSPI,2467.489990234375,index,ECOS,-0.01111754572762419
2017-12-01,Coincident Index,100.7,index,ECOS,-0.0019723808101017037
2017-12-01,Leading Index,101.4,index,ECOS,-0.0019665702396237106
2017-12-01,Leading–Coincident Spread,0.7000000000000028,index,ECOS,0.3809523809523941
2018-01-01,KOSPI,2566.4599609375,index,ECOS,0.018261814182268632
2018-01-01,Coincident Index,100.9,index,ECOS,-0.001968451834199081
2018-01-01,Leading Index,101.5,index,ECOS,-0.000491155321561132
2018-01-01,Leading–Coincident Spread,0.5999999999999943,index,ECOS,0.5952380952381056
2018-02-01,KOSPI,2427.360107421875,index,ECOS,-0.0070447698513783075
2018-02-01,Coincident Index,101.0,index,ECOS,0.001488588798135515
2018-02-01,Leading Index,101.4,index,ECOS,4.858095043469568e-07
2018-02-01,Leading–Coincident Spread,0.4000000000000057,index,ECOS,-0.23809523809523597
2018-03-01,KOSPI,2445.85009765625,index,ECOS,-0.023290894138875695
2018-03-01,Coincident Index,100.9,index,ECOS,4.906338007537592e-07
2018-03-01,Leading Index,101.4,index,ECOS,-0.0004926108374384008
2018-03-01,Leading–Coincident Spread,0.5,index,ECOS,-0.04166666666666763
2018-04-01,KOSPI,2515.3798828125,index,ECOS,0.018022490367547106
2018-04-01,Coincident Index,100.8,index,ECOS,-0.0009905896437017447
2018-04-01,Leading Index,101.1,index,ECOS,-0.0014792899408284654
2018-04-01,Leading–Coincident Spread,0.2999999999999971,index,ECOS,-0.07500000000001178
2018-05-01,KOSPI,2423.010009765625,index,ECOS,-0.004147190494040109
2018-05-01,Coincident Index,100.7,index,ECOS,-0.000991571884783049
2018-05-01,Leading Index,101.1,index,ECOS,-0.0014792899408284654
2018-05-01,Leading–Coincident Spread,0.3999999999999915,index,ECOS,-0.03333333333334404
2018-06-01,KOSPI,2326.1298828125,index,ECOS,-0.038352707862969126
2018-06-01,Coincident Index,100.7,index,ECOS,-0.0004960317460317443
2018-06-01,Leading Index,101.0,index,ECOS,-0.0004945598417408492
2018-06-01,Leading–Coincident Spread,0.2999999999999971,index,ECOS,0.041666666666663243
2018-07-01,KOSPI,2295.260009765625,index,ECOS,-0.026627147113600313
2018-07-01,Coincident Index,100.6,index,ECOS,-0.0004965243296922162
2018-07-01,Leading Index,100.9,index,ECOS,-0.0009896093466912892
2018-07-01,Leading–Coincident Spread,0.3000000000000113,index,ECOS,-0.12499999999997197
2018-08-01,KOSPI,2322.8798828125,index,ECOS,-0.0006187378580515546
2018-08-01,Coincident Index,100.5,index,ECOS,-0.00099354222233633
2018-08-01,Leading Index,100.5,index,ECOS,-0.002477210059955437
2018-08-01,Leading–Coincident Spread,0.0,index,ECOS,-0.49999999999997635
2018-09-01,KOSPI,2343.070068359375,index,ECOS,0.010362658230475996
2018-09-01,Coincident Index,100.2,index,ECOS,-0.0019895552060769095
2018-09-01,Leading Index,100.3,index,ECOS,-0.0029771854306269163
2018-09-01,Leading–Coincident Spread,0.0999999999999943,index,ECOS,
2018-10-01,KOSPI,2029.68994140625,index,ECOS,-0.06252788910575602
2018-10-01,Coincident Index,100.1,index,ECOS,-0.0019915393094408484
2018-10-01,Leading Index,100.1,index,ECOS,-0.001992033848702668
2018-10-01,Leading–Coincident Spread,0.0,index,ECOS,
2018-11-01,KOSPI,2096.860107421875,index,ECOS,-0.050326924248801586
2018-11-01,Coincident Index,100.0,index,ECOS,-0.0009985024955085353
2018-11-01,Leading Index,99.7,index,ECOS,-0.002995010971082679
2018-11-01,Leading–Coincident Spread,-0.2999999999999971,index,ECOS,
2018-12-01,KOSPI,2041.0400390625,index,ECOS,0.0032365092167088716
2018-12-01,Coincident Index,99.8,index,ECOS,-0.0014995004995004835
2018-12-01,Leading Index,99.4,index,ECOS,-0.003502515538623796
2018-12-01,Leading–Coincident Spread,-0.3999999999999915,index,ECOS,
2019-01-01,KOSPI,2204.85009765625,index,ECOS,0.02681867144799116
2019-01-01,Coincident Index,100.0,index,ECOS,2.0040080160876883e-06
2019-01-01,Leading Index,99.3,index,ECOS,-0.0020075316492738082
2019-01-01,Leading–Coincident Spread,-0.7000000000000028,index,ECOS,0.5416666666666811
2019-02-01,KOSPI,2195.43994140625,index,ECOS,0.03799509808955259
2019-02-01,Coincident Index,99.4,index,ECOS,-0.0019979959919838586
2019-02-01,Leading Index,99.1,index,ECOS,-0.0015100674540698966
2019-02-01,Leading–Coincident Spread,-0.3000000000000113,index,ECOS,0.08928571428574372
2019-03-01,KOSPI,2140.669921875,index,ECOS,-0.014607553738803736
2019-03-01,Coincident Index,99.3,index,ECOS,-0.0035030181086518897
2019-03-01,Leading Index,99.2,index,ECOS,-0.0005025084776075772
2019-03-01,Leading–Coincident Spread,-0.0999999999999943,index,ECOS,-0.6190476190476276
2019-04-01,KOSPI,2203.590087890625,index,ECOS,0.0022227863173021056
2019-04-01,Coincident Index,99.1,index,ECOS,-0.0015100674540698966
2019-04-01,Leading Index,99.2,index,ECOS,0.0005045408678103769
2019-04-01,Leading–Coincident Spread,0.1000000000000085,index,ECOS,-1.33333333333342
2019-05-01,KOSPI,2041.739990234375,index,ECOS,-0.02202781174080487
2019-05-01,Coincident Index,99.5,index,ECOS,0.0010111141258232204
2019-05-01,Leading Index,99.0,index,ECOS,-0.0010080645161290591
2019-05-01,Leading–Coincident Spread,-0.5,index,ECOS,-3.999999999999859
2019-06-01,KOSPI,2130.6201171875,index,ECOS,-0.014958404429029126
2019-06-01,Coincident Index,99.5,index,ECOS,0.0020181634712411745
2019-06-01,Leading Index,98.7,index,ECOS,-0.002523216031280584
2019-06-01,Leading–Coincident Spread,-0.7999999999999972,index,ECOS,-2.6999999999997906
2019-07-01,KOSPI,2024.550048828125,index,ECOS,-0.0031260501852830025
2019-07-01,Coincident Index,99.5,index,ECOS,0.0
2019-07-01,Leading Index,98.4,index,ECOS,-0.0030349083540572863
2019-07-01,Leading–Coincident Spread,-1.0999999999999943,index,ECOS,0.48749999999999605
2019-08-01,KOSPI,1967.7900390625,index,ECOS,-0.038909762184983376
2019-08-01,Coincident Index,99.6,index,ECOS,0.0005025125628140836
2019-08-01,Leading Index,98.3,index,ECOS,-0.002027886920206612
2019-08-01,Leading–Coincident Spread,-1.2999999999999972,index,ECOS,0.2784090909090916
2019-09-01,KOSPI,2063.050048828125,index,ECOS,0.010186888620423995
2019-09-01,Coincident Index,99.8,index,ECOS,0.0015065286270711242
2019-09-01,Leading Index,98.4,index,ECOS,5.169176819364019e-07
2019-09-01,Leading–Coincident Spread,-1.3999999999999917,index,ECOS,0.12937062937062915
2019-10-01,KOSPI,2083.47998046875,index,ECOS,0.029156210817304906
2019-10-01,Coincident Index,99.8,index,ECOS,0.0010040160642570406
2019-10-01,Leading Index,98.7,index,ECOS,0.0020330372428851717
2019-10-01,Leading–Coincident Spread,-1.0999999999999943,index,ECOS,-0.06868131868132038
2019-11-01,KOSPI,2087.9599609375,index,ECOS,0.006026509846970729
2019-11-01,Coincident Index,99.7,index,ECOS,-0.0005010020040079888
2019-11-01,Leading Index,98.9,index,ECOS,0.002537561469839633
2019-11-01,Leading–Coincident Spread,-0.7999999999999972,index,ECOS,-0.24350649350649262
2019-12-01,KOSPI,2197.669921875,index,ECOS,0.027347165791651307
2019-12-01,Coincident Index,100.1,index,ECOS,0.0015050160501544618
2019-12-01,Leading Index,99.2,index,ECOS,0.0025298547446429565
2019-12-01,Leading–Coincident Spread,-0.8999999999999915,index,ECOS,-0.07386363636363913
2020-01-01,KOSPI,2119.010009765625,index,ECOS,0.008375839059600376
2020-01-01,Coincident Index,100.2,index,ECOS,0.0025055185536629887
2020-01-01,Leading Index,99.3,index,ECOS,0.00202071577677021
2020-01-01,Leading–Coincident Spread,-0.9000000000000057,index,ECOS,0.06250000000000455
2020-02-01,KOSPI,1987.010009765625,index,ECOS,-0.04904282731008447
2020-02-01,Coincident Index,99.5,index,ECOS,-0.002993513472555387
2020-02-01,Leading Index,99.3,index,ECOS,0.0005040322580645018
2020-02-01,Leading–Coincident Spread,-0.2000000000000028,index,ECOS,-0.3888888888888802
2020-03-01,KOSPI,1754.6400146484375,index,ECOS,-0.08961889613811713
2020-03-01,Coincident Index,98.4,index,ECOS,-0.009020652163010678
2020-03-01,Leading Index,98.9,index,ECOS,-0.002014098690835797
2020-03-01,Leading–Coincident Spread,0.5,index,ECOS,-2.1388888888888706
2020-04-01,KOSPI,1947.56005859375,index,ECOS,-0.0034980241321858063
2020-04-01,Coincident Index,97.3,index,ECOS,-0.01111706908526372
2020-04-01,Leading Index,98.6,index,ECOS,-0.0035307822095416164
2020-04-01,Leading–Coincident Spread,1.2999999999999972,index,ECOS,-0.9499999999999855
2020-05-01,KOSPI,2029.5999755859373,index,ECOS,0.07603648210345071
2020-05-01,Coincident Index,96.3,index,ECOS,-0.010728177040249365
2020-05-01,Leading Index,98.2,index,ECOS,-0.0035450810846286984
2020-05-01,Leading–Coincident Spread,1.9000000000000057,index,ECOS,1.0307692307692315
2020-06-01,KOSPI,2108.330078125,index,ECOS,0.04045770318271624
2020-06-01,Coincident Index,96.4,index,ECOS,-0.004619535346355674
2020-06-01,Leading Index,98.5,index,ECOS,-0.0005009026575726327
2020-06-01,Leading–Coincident Spread,2.0999999999999943,index,ECOS,0.28340080971659976
2020-07-01,KOSPI,2249.3701171875,index,ECOS,0.05284375512393624
2020-07-01,Coincident Index,96.6,index,ECOS,0.0015565551979249692
2020-07-01,Leading Index,98.8,index,ECOS,0.0030503375479441486
2020-07-01,Leading–Coincident Spread,2.200000000000003,index,ECOS,0.0764411027568912
2020-08-01,KOSPI,2326.169921875,index,ECOS,0.050519684618346106
2020-08-01,Coincident Index,97.0,index,ECOS,0.003107737773081487
2020-08-01,Leading Index,99.4,index,ECOS,0.004559279886557466
2020-08-01,Leading–Coincident Spread,2.4000000000000057,index,ECOS,0.06926406926407203
2020-09-01,KOSPI,2327.889892578125,index,ECOS,0.017441102509901607
2020-09-01,Coincident Index,97.6,index,ECOS,0.00516317687989587
2020-09-01,Leading Index,99.7,index,ECOS,0.00454549157291928
2020-09-01,Leading–Coincident Spread,2.1000000000000085,index,ECOS,-0.017045454545453198
2020-10-01,KOSPI,2267.14990234375,index,ECOS,-0.01267644744981028
2020-10-01,Coincident Index,97.9,index,ECOS,0.004629668751056304
2020-10-01,Leading Index,100.0,index,ECOS,0.0030135678665775822
2020-10-01,Leading–Coincident Spread,2.0999999999999943,index,ECOS,-0.06250000000000266
2020-11-01,KOSPI,2591.340087890625,index,ECOS,0.05845115067010226
2020-11-01,Coincident Index,98.5,index,ECOS,0.004601236624859784
2020-11-01,Leading Index,100.5,index,ECOS,0.004004513540621812
2020-11-01,Leading–Coincident Spread,2.0,index,ECOS,-0.02380952380952589
2020-12-01,KOSPI,2873.469970703125,index,ECOS,0.12593436040852413
2020-12-01,Coincident Index,98.4,index,ECOS,0.002556737165760159
2020-12-01,Leading Index,100.8,index,ECOS,0.003992537313432742
2020-12-01,Leading–Coincident Spread,2.3999999999999915,index,ECOS,0.07619047619047536
2021-01-01,KOSPI,2976.2099609375,index,ECOS,0.07231440057003102
2021-01-01,Coincident Index,98.1,index,ECOS,-0.0020320044571004447
2021-01-01,Leading Index,101.2,index,ECOS,0.003476664297559773
2021-01-01,Leading–Coincident Spread,3.1000000000000085,index,ECOS,0.24583333333333524
2021-02-01,KOSPI,3012.949951171875,index,ECOS,0.024049616374147598
2021-02-01,Coincident Index,98.1,index,ECOS,-0.0015243902439024959
2021-02-01,Leading Index,101.5,index,ECOS,0.003466340422862091
2021-02-01,Leading–Coincident Spread,3.4000000000000057,index,ECOS,0.19422043010753032
2021-03-01,KOSPI,3061.419921875,index,ECOS,0.014215884961416791
2021-03-01,Coincident Index,98.6,index,ECOS,0.0025484199796126372
2021-03-01,Leading Index,101.9,index,ECOS,0.003452656788488828
2021-03-01,Leading–Coincident Spread,3.300000000000012,index,ECOS,0.033681214421252714
2021-04-01,KOSPI,3147.860107421875,index,ECOS,0.022161269362755864
2021-04-01,Coincident Index,99.4,index,ECOS,0.006605215111458507
2021-04-01,Leading Index,102.3,index,ECOS,0.003933151887535846
2021-04-01,Leading–Coincident Spread,2.8999999999999915,index,ECOS,-0.07531194295900373
2021-05-01,KOSPI,3203.919921875,index,ECOS,0.023022094654807423
2021-05-01,Coincident Index,99.6,index,ECOS,0.0050628313491496435
2021-05-01,Leading Index,102.7,index,ECOS,0.003917742750880859
2021-05-01,Leading–Coincident Spread,3.1000000000000085,index,ECOS,-0.026123301985370773
2021-06-01,KOSPI,3296.679931640625,index,ECOS,0.023380451059546448
2021-06-01,Coincident Index,99.6,index,ECOS,0.001006036217303774
2021-06-01,Leading Index,103.0,index,ECOS,0.003415598964802702
2021-06-01,Leading–Coincident Spread,3.4000000000000057,index,ECOS,0.08286985539488567
2021-07-01,KOSPI,3202.320068359375,index,ECOS,0.00016467139505443873
2021-07-01,Coincident Index,99.6,index,ECOS,0.0
2021-07-01,Leading Index,102.9,index,ECOS,0.0009751278585001244
2021-07-01,Leading–Coincident Spread,3.300000000000012,index,ECOS,0.033681214421252714
2021-08-01,KOSPI,3199.27001953125,index,ECOS,-0.01478757221746696
2021-08-01,Coincident Index,99.6,index,ECOS,0.0
2021-08-01,Leading Index,102.7,index,ECOS,-0.0014572541915517934
2021-08-01,Leading–Coincident Spread,3.1000000000000085,index,ECOS,-0.045008912655970956
2021-09-01,KOSPI,3068.820068359375,index,ECOS,-0.02086368049068743
2021-09-01,Coincident Index,99.6,index,ECOS,0.0
2021-09-01,Leading Index,102.3,index,ECOS,-0.0029192369672866314
2021-09-01,Leading–Coincident Spread,2.700000000000003,index,ECOS,-0.0948191593352895
2021-10-01,KOSPI,2970.679931640625,index,ECOS,-0.0363773368482162
2021-10-01,Coincident Index,99.7,index,ECOS,0.0005020080321285203
2021-10-01,Leading Index,101.9,index,ECOS,-0.00390245388203736
2021-10-01,Leading–Coincident Spread,2.200000000000003,index,ECOS,-0.1571087216248513
2021-11-01,KOSPI,2839.010009765625,index,ECOS,-0.038151461206341
2021-11-01,Coincident Index,100.0,index,ECOS,0.002006521572750386
2021-11-01,Leading Index,101.5,index,ECOS,-0.003917742750880859
2021-11-01,Leading–Coincident Spread,1.5,index,ECOS,-0.251683501683502
2021-12-01,KOSPI,2977.64990234375,index,ECOS,0.0022553632554275227
2021-12-01,Coincident Index,100.7,index,ECOS,0.005004513540621924
2021-12-01,Leading Index,101.4,index,ECOS,-0.002455319375220588
2021-12-01,Leading–Coincident Spread,0.7000000000000028,index,ECOS,-0.4257575757575752
2022-01-01,KOSPI,2663.340087890625,index,ECOS,-0.028361224898210524
2022-01-01,Coincident Index,101.2,index,ECOS,0.005982621648460862
2022-01-01,Leading Index,101.5,index,ECOS,4.858095043469568e-07
2022-01-01,Leading–Coincident Spread,0.2999999999999971,index,ECOS,-0.5523809523809544
2022-02-01,KOSPI,2699.179931640625,index,ECOS,-0.046049804030650565
2022-02-01,Coincident Index,101.2,index,ECOS,0.0024826216484608032
2022-02-01,Leading Index,101.3,index,ECOS,-0.0004921250279341094
2022-02-01,Leading–Coincident Spread,0.0999999999999943,index,ECOS,-0.61904761904763
2022-03-01,KOSPI,2757.64990234375,index,ECOS,0.017559426175916437
2022-03-01,Coincident Index,101.0,index,ECOS,-0.0009881422924901129
2022-03-01,Leading Index,101.1,index,ECOS,-0.001972388506071343
2022-03-01,Leading–Coincident Spread,0.0999999999999943,index,ECOS,-0.33333333333334125
2022-04-01,KOSPI,2695.050048828125,index,ECOS,-0.0005191556490484195
2022-04-01,Coincident Index,100.7,index,ECOS,-0.0024732908073415993
2022-04-01,Leading Index,101.0,index,ECOS,-0.0014817266729353351
2022-04-01,Leading–Coincident Spread,0.2999999999999971,index,ECOS,1.000000000000071
2022-05-01,KOSPI,2685.89990234375,index,ECOS,-0.013047801486771538
2022-05-01,Coincident Index,100.9,index,ECOS,-0.0004920998554671652
2022-05-01,Leading Index,101.2,index,ECOS,0.0004955391681601418
2022-05-01,Leading–Coincident Spread,0.2999999999999971,index,ECOS,1.000000000000071
2022-06-01,KOSPI,2332.639892578125,index,ECOS,-0.06745952997975052
2022-06-01,Coincident Index,101.0,index,ECOS,0.001488588798135515
2022-06-01,Leading Index,101.2,index,ECOS,0.000990099009900991
2022-06-01,Leading–Coincident Spread,0.2000000000000028,index,ECOS,-0.1666666666666588
2022-07-01,KOSPI,2451.5,index,ECOS,-0.040284351525159745
2022-07-01,Coincident Index,101.2,index,ECOS,0.0014856391486521847
2022-07-01,Leading Index,100.9,index,ECOS,-0.0014822134387351693
2022-07-01,Leading–Coincident Spread,-0.2999999999999971,index,ECOS,-1.416666666666641
2022-08-01,KOSPI,2472.050048828125,index,ECOS,0.029668916077985497
2022-08-01,Coincident Index,101.5,index,ECOS,0.0024723124486361048
2022-08-01,Leading Index,100.8,index,ECOS,-0.001977753577486474
2022-08-01,Leading–Coincident Spread,-0.7000000000000028,index,ECOS,-0.5833333333332995
2022-09-01,KOSPI,2155.489990234375,index,ECOS,-0.05983652033804593
2022-09-01,Coincident Index,101.6,index,ECOS,0.001974824276173459
2022-09-01,Leading Index,100.7,index,ECOS,-0.000991571884783049
2022-09-01,Leading–Coincident Spread,-0.8999999999999915,index,ECOS,0.8095238095238169
2022-10-01,KOSPI,2293.610107421875,index,ECOS,-0.03198869569473023
2022-10-01,Coincident Index,101.5,index,ECOS,4.848531863776984e-07
2022-10-01,Leading Index,100.7,index,ECOS,-0.0004960317460317443
2022-10-01,Leading–Coincident Spread,-0.7999999999999972,index,ECOS,0.08730158730158122
2022-11-01,KOSPI,2472.530029296875,index,ECOS,0.07104314269028433
2022-11-01,Coincident Index,101.0,index,ECOS,-0.002955180171444083
2022-11-01,Leading Index,100.4,index,ECOS,-0.0014895729890764264
2022-11-01,Leading–Coincident Spread,-0.5999999999999943,index,ECOS,-0.18055555555555514
2022-12-01,KOSPI,2236.39990234375,index,ECOS,-0.00874671298227564
2022-12-01,Coincident Index,100.4,index,ECOS,-0.005433351216895033
2022-12-01,Leading Index,99.9,index,ECOS,-0.003979612829713874
2022-12-01,Leading–Coincident Spread,-0.5,index,ECOS,-0.2083333333333316
2023-01-01,KOSPI,2425.080078125,index,ECOS,-0.005566801557370826
2023-01-01,Coincident Index,99.9,index,ECOS,-0.005460336870340365
2023-01-01,Leading Index,99.6,index,ECOS,-0.003991541342139027
2023-01-01,Leading–Coincident Spread,-0.3000000000000113,index,ECOS,-0.28333333333331806
2023-02-01,KOSPI,2412.85009765625,index,ECOS,0.03966234588039136
2023-02-01,Coincident Index,100.1,index,ECOS,-0.0014890388396364695
2023-02-01,Leading Index,99.3,index,ECOS,-0.003007525597887084
2023-02-01,Leading–Coincident Spread,-0.7999999999999972,index,ECOS,0.6333333333332898
2023-03-01,KOSPI,2476.860107421875,index,ECOS,0.010742836171198034
2023-03-01,Coincident Index,100.5,index,ECOS,0.00299900299900302
2023-03-01,Leading Index,99.1,index,ECOS,-0.0025130734418034595
2023-03-01,Leading–Coincident Spread,-1.4000000000000057,index,ECOS,1.208333333333285
2023-04-01,KOSPI,2501.530029296875,index,ECOS,0.018244478141330345
2023-04-01,Coincident Index,100.7,index,ECOS,0.002993026873623905
2023-04-01,Leading Index,98.9,index,ECOS,-0.002016131081038486
2023-04-01,Leading–Coincident Spread,-1.7999999999999972,index,ECOS,0.5178571428571459
2023-05-01,KOSPI,2577.1201171875,index,ECOS,0.020088850612769882
2023-05-01,Coincident Index,100.8,index,ECOS,0.0014915492053140245
2023-05-01,Leading Index,99.1,index,ECOS,2.0406101832737278e-06
2023-05-01,Leading–Coincident Spread,-1.7000000000000028,index,ECOS,0.115079365079363
2023-06-01,KOSPI,2564.280029296875,index,ECOS,0.01261760097961473
2023-06-01,Coincident Index,100.8,index,ECOS,0.0004965243296921606
2023-06-01,Leading Index,99.4,index,ECOS,0.002524744949234714
2023-06-01,Leading–Coincident Spread,-1.3999999999999917,index,ECOS,-0.11601307189542642
2023-07-01,KOSPI,2632.580078125,index,ECOS,0.010826417938541
2023-07-01,Coincident Index,100.5,index,ECOS,-0.0014880952380952328
2023-07-01,Leading Index,99.8,index,ECOS,0.0035256950380384566
2023-07-01,Leading–Coincident Spread,-0.7000000000000028,index,ECOS,-0.3382352941176477
2023-08-01,KOSPI,2556.27001953125,index,ECOS,-0.0011758096219180447
2023-08-01,Coincident Index,100.4,index,ECOS,-0.0019856076759061647
2023-08-01,Leading Index,99.8,index,ECOS,0.002012072434607548
2023-08-01,Leading–Coincident Spread,-0.6000000000000085,index,ECOS,-0.32142857142856457
2023-09-01,KOSPI,2465.070068359375,index,ECOS,-0.032331878966397554
2023-09-01,Coincident Index,100.3,index,ECOS,-0.000995520405938477
2023-09-01,Leading Index,99.8,index,ECOS,0.0
2023-09-01,Leading–Coincident Spread,-0.5,index,ECOS,-0.15476190476190632
2023-10-01,KOSPI,2277.989990234375,index,ECOS,-0.05578468043036805
2023-10-01,Coincident Index,100.3,index,ECOS,-0.0004980079681275451
2023-10-01,Leading Index,100.0,index,ECOS,0.0010020040080160886
2023-10-01,Leading–Coincident Spread,-0.2999999999999971,index,ECOS,-0.28333333333334215
2023-11-01,KOSPI,2535.2900390625,index,ECOS,0.01852903804809425
2023-11-01,Coincident Index,100.4,index,ECOS,0.0004985044865404298
2023-11-01,Leading Index,100.2,index,ECOS,0.0020020040080160895
2023-11-01,Leading–Coincident Spread,-0.2000000000000028,index,ECOS,-0.3666666666666617
2023-12-01,KOSPI,2655.280029296875,index,ECOS,0.0801391941827212
2023-12-01,Coincident Index,100.2,index,ECOS,-0.0004975114497145494
2023-12-01,Leading Index,100.4,index,ECOS,0.0019980039920159953
2023-12-01,Leading–Coincident Spread,0.2000000000000028,index,ECOS,-1.1666666666666587
2024-01-01,KOSPI,2497.090087890625,index,ECOS,-0.006123850368478789
2024-01-01,Coincident Index,100.3,index,ECOS,-0.0004970139402470375
2024-01-01,Leading Index,100.4,index,ECOS,0.0009980039920159944
2024-01-01,Leading–Coincident Spread,0.1000000000000085,index,ECOS,-1.2499999999999822
2024-02-01,KOSPI,2642.360107421875,index,ECOS,-0.0006999464709586678
2024-02-01,Coincident Index,100.3,index,ECOS,0.0004990019960079417
2024-02-01,Leading Index,100.6,index,ECOS,0.0009960159362548682
2024-02-01,Leading–Coincident Spread,0.2999999999999971,index,ECOS,0.7499999999998759
2024-03-01,KOSPI,2746.6298828125,index,ECOS,0.04881828606804206
2024-03-01,Coincident Index,100.1,index,ECOS,-0.0009970089730807485
2024-03-01,Leading Index,100.5,index,ECOS,0.0004989980436107544
2024-03-01,Leading–Coincident Spread,0.4000000000000057,index,ECOS,1.1666666666665408
2024-04-01,KOSPI,2692.06005859375,index,ECOS,0.009796464652358783
2024-04-01,Coincident Index,100.0,index,ECOS,-0.0014965094725812311
2024-04-01,Leading Index,100.7,index,ECOS,0.00049800698297775
2024-04-01,Leading–Coincident Spread,0.7000000000000028,index,ECOS,0.5416666666666737
2024-05-01,KOSPI,2636.52001953125,index,ECOS,-0.020249487748733752
2024-05-01,Coincident Index,99.7,index,ECOS,-0.001999500499500484
2024-05-01,Leading Index,100.8,index,ECOS,0.0014915492053140245
2024-05-01,Leading–Coincident Spread,1.0999999999999943,index,ECOS,0.6607142857142696
2024-06-01,KOSPI,2797.820068359375,index,ECOS,0.020274046578981686
2024-06-01,Coincident Index,99.6,index,ECOS,-0.0020015045135406417
2024-06-01,Leading Index,100.9,index,ECOS,0.000992556075723905
2024-06-01,Leading–Coincident Spread,1.3000000000000114,index,ECOS,0.37662337662337764
2024-07-01,KOSPI,2770.68994140625,index,ECOS,0.02574113380000742
2024-07-01,Coincident Index,99.1,index,ECOS,-0.0030115446741831864
2024-07-01,Leading Index,100.9,index,ECOS,0.0004960317460317443
2024-07-01,Leading–Coincident Spread,1.8000000000000114,index,ECOS,0.2832167832167898
2024-08-01,KOSPI,2674.31005859375,index,ECOS,-0.02224119890210219
2024-08-01,Coincident Index,99.0,index,ECOS,-0.003014581028452812
2024-08-01,Leading Index,100.8,index,ECOS,-0.0004955401387513048
2024-08-01,Leading–Coincident Spread,1.7999999999999972,index,ECOS,0.19230769230768668
2024-09-01,KOSPI,2593.27001953125,index,ECOS,-0.032544337414688373
2024-09-01,Coincident Index,99.0,index,ECOS,-0.0005045408678102659
2024-09-01,Leading Index,100.8,index,ECOS,-0.0004955401387513048
2024-09-01,Leading–Coincident Spread,1.7999999999999972,index,ECOS,-3.941291737419306e-15
2024-10-01,KOSPI,2556.14990234375,index,ECOS,-0.022308588443627986
2024-10-01,Coincident Index,99.3,index,ECOS,0.0015151515151514694
2024-10-01,Leading Index,100.8,index,ECOS,0.0
2024-10-01,Leading–Coincident Spread,1.5,index,ECOS,-0.08333333333333265
2024-11-01,KOSPI,2455.909912109375,index,ECOS,-0.026764621515636022
2024-11-01,Coincident Index,98.9,index,ECOS,-0.0004989471756843278
2024-11-01,Leading Index,100.8,index,ECOS,0.0
2024-11-01,Leading–Coincident Spread,1.899999999999992,index,ECOS,0.04999999999999799
2024-12-01,KOSPI,2399.489990234375,index,ECOS,-0.031094173633051336
2024-12-01,Coincident Index,98.8,index,ECOS,-0.0025196598637377554
2024-12-01,Leading Index,100.7,index,ECOS,-0.0004960317460317443
2024-12-01,Leading–Coincident Spread,1.9000000000000057,index,ECOS,0.1333333333333343
2025-01-01,KOSPI,2517.3701171875,index,ECOS,0.013077017860105344
2025-01-01,Coincident Index,98.4,index,ECOS,-0.0025298526708776303
2025-01-01,Leading Index,100.3,index,ECOS,-0.002482129064800387
2025-01-01,Leading–Coincident Spread,1.899999999999992,index,ECOS,5.551115123125783e-17
2025-02-01,KOSPI,2532.780029296875,index,ECOS,0.027624296063237352
2025-02-01,Coincident Index,98.5,index,ECOS,-0.0015161614166748771
2025-02-01,Leading Index,100.4,index,ECOS,-0.0014875928322282128
2025-02-01,Leading–Coincident Spread,1.9000000000000057,index,ECOS,5.551115123125783e-17
2025-03-01,KOSPI,2481.1201171875,index,ECOS,-0.007137546261363925
2025-03-01,Coincident Index,98.7,index,ECOS,0.0015233585076968037
2025-03-01,Leading Index,100.6,index,ECOS,0.001494520422795298
2025-03-01,Leading–Coincident Spread,1.899999999999992,index,ECOS,5.551115123125783e-17
2025-04-01,KOSPI,2556.610107421875,index,ECOS,0.005014622359528487
2025-04-01,Coincident Index,98.9,index,ECOS,0.002028399652333257
2025-04-01,Leading Index,101.0,index,ECOS,0.0029840875068314343
2025-04-01,Leading–Coincident Spread,2.0999999999999943,index,ECOS,0.05263157894736564
2025-05-01,KOSPI,2697.669921875,index,ECOS,0.042800160481772376
2025-05-01,Coincident Index,98.5,index,ECOS,-0.0010090734656704736
2025-05-01,Leading Index,100.9,index,ECOS,0.0014930220656261262
2025-05-01,Leading–Coincident Spread,2.4000000000000057,index,ECOS,0.12406015037594353
